codigo,dpto,mpio,mesas_total,mesas_escrutadas,censo,votantes,abstencion,nulos,no_marcados,blancos,validos,iván cepeda castro,abelardo de la espriella,,,
01001,01,001,5329,5329,1891862,1283039,608823,10998,999,29918,1271042,421839,819285,0,29918,0
01004,01,004,48,48,15398,8879,6519,59,46,151,8774,1407,7216,0,151,0
01007,01,007,7,7,2029,1214,815,9,4,20,1201,170,1011,0,20,0
01010,01,010,14,14,4743,3024,1719,16,11,43,2997,504,2450,0,43,0
01013,01,013,74,74,24772,14691,10081,180,34,253,14477,5478,8746,0,253,0
01016,01,016,56,56,19004,9017,9987,119,49,350,8849,2147,6352,0,350,0
01019,01,019,111,111,36323,19847,16476,136,41,323,19670,3773,15574,0,323,0
01022,01,022,19,19,5986,3318,2668,48,6,64,3264,835,2365,0,64,0
01025,01,025,28,28,9462,6544,2918,277,123,278,6144,1907,3959,0,278,0
01028,01,028,43,43,13703,7208,6495,118,56,365,7034,3849,2820,0,365,0
01031,01,031,75,75,24438,13524,10914,135,46,326,13343,4482,8535,0,326,0
01034,01,034,20,20,6689,3516,3173,17,17,63,3482,582,2837,0,63,0
01035,01,035,323,323,109813,63034,46779,350,85,1115,62599,41593,19891,0,1115,0
01037,01,037,72,72,23451,12504,10947,57,25,114,12422,5318,6990,0,114,0
01039,01,039,23,23,6827,3518,3309,18,7,43,3493,444,3006,0,43,0
01040,01,040,14,14,4586,2521,2065,12,12,30,2497,544,1923,0,30,0
01043,01,043,138,138,46982,26058,20924,409,63,669,25586,9313,15604,0,669,0
01046,01,046,19,19,5419,3144,2275,39,13,67,3092,516,2509,0,67,0
01049,01,049,1043,1043,379595,239132,140463,2437,216,5298,236479,87019,144162,0,5298,0
01052,01,052,25,25,8406,4217,4189,17,14,67,4186,704,3415,0,67,0
01055,01,055,42,42,13811,6637,7174,36,22,114,6579,858,5607,0,114,0
01058,01,058,71,71,23887,12964,10923,92,33,194,12839,2358,10287,0,194,0
01061,01,061,27,27,8556,4322,4234,31,16,93,4275,1469,2713,0,93,0
01062,01,062,23,23,6833,2487,4346,37,22,79,2428,761,1588,0,79,0
01064,01,064,64,64,21081,8800,12281,66,29,135,8705,5764,2806,0,135,0
01067,01,067,21,21,7295,3689,3606,41,18,77,3630,765,2788,0,77,0
01070,01,070,213,213,73226,49444,23782,810,61,1247,48573,18478,28848,0,1247,0
01073,01,073,22,22,7196,4717,2479,76,79,199,4562,2136,2227,0,199,0
01076,01,076,43,43,14948,8511,6437,49,25,115,8437,1483,6839,0,115,0
01078,01,078,16,16,4855,2312,2543,21,6,30,2285,597,1658,0,30,0
01079,01,079,16,16,4966,2802,2164,29,11,34,2762,576,2152,0,34,0
01080,01,080,149,149,49440,25857,23583,202,51,441,25604,16044,9119,0,441,0
01082,01,082,141,141,47585,35645,11940,354,36,726,35255,10601,23928,0,726,0
01085,01,085,13,13,4309,2630,1679,26,5,44,2599,672,1883,0,44,0
01088,01,088,232,232,77720,42817,34903,422,74,717,42321,24556,17048,0,717,0
01091,01,091,37,37,12820,7093,5727,87,20,144,6986,2267,4575,0,144,0
01094,01,094,46,46,14802,9522,5280,64,62,101,9396,1360,7935,0,101,0
01097,01,097,13,13,4565,2996,1569,15,7,56,2974,372,2546,0,56,0
01100,01,100,49,49,16331,7906,8425,79,25,125,7802,1298,6379,0,125,0
01103,01,103,227,227,77843,48462,29381,521,43,1079,47898,18110,28709,0,1079,0
01106,01,106,155,155,53621,28341,25280,210,57,476,28074,17140,10458,0,476,0
01109,01,109,64,64,20588,9999,10589,77,48,136,9874,4544,5194,0,136,0
01112,01,112,55,55,19227,10362,8865,92,18,251,10252,1841,8160,0,251,0
01115,01,115,35,35,11353,6396,4957,59,21,90,6316,1206,5020,0,90,0
01117,01,117,124,124,42597,19252,23345,182,54,460,19016,10709,7847,0,460,0
01118,01,118,28,28,9822,6111,3711,33,11,164,6067,1154,4749,0,164,0
01121,01,121,711,711,244817,166653,78164,948,44,3562,165661,35667,126432,0,3562,0
01124,01,124,57,57,18044,9960,8084,90,37,173,9833,2890,6770,0,173,0
01127,01,127,58,58,18187,8460,9727,77,35,164,8348,3352,4832,0,164,0
01130,01,130,17,17,5222,3329,1893,19,2,70,3308,1336,1902,0,70,0
01133,01,133,165,165,56839,33813,23026,505,53,815,33255,11805,20635,0,815,0
01136,01,136,27,27,9103,5243,3860,67,14,124,5162,968,4070,0,124,0
01139,01,139,30,30,9972,6289,3683,29,14,73,6246,857,5316,0,73,0
01140,01,140,19,19,5866,3749,2117,77,39,146,3633,1804,1683,0,146,0
01142,01,142,135,135,45144,33537,11607,373,46,780,33118,8833,23505,0,780,0
01145,01,145,24,24,8412,6138,2274,45,11,119,6082,1147,4816,0,119,0
01148,01,148,19,19,6090,3335,2755,34,17,55,3284,791,2438,0,55,0
01150,01,150,16,16,5262,2958,2304,13,7,45,2938,651,2242,0,45,0
01151,01,151,737,737,267999,169903,98096,1736,124,3772,168043,55270,109001,0,3772,0
01154,01,154,59,59,17661,5881,11780,91,45,179,5745,2499,3067,0,179,0
01157,01,157,39,39,13380,9336,4044,42,20,202,9274,2594,6478,0,202,0
01160,01,160,34,34,11478,7494,3984,75,18,130,7401,1637,5634,0,130,0
01163,01,163,181,181,61559,47666,13893,491,60,1049,47115,12236,33830,0,1049,0
01166,01,166,197,197,66893,44432,22461,482,41,965,43909,14566,28378,0,965,0
01168,01,168,38,38,12258,6750,5508,57,13,79,6680,3299,3302,0,79,0
01169,01,169,60,60,20530,14967,5563,155,30,345,14782,3632,10805,0,345,0
01170,01,170,22,22,7480,4330,3150,43,13,55,4274,1504,2715,0,55,0
01172,01,172,30,30,9604,5540,4064,17,13,79,5510,965,4466,0,79,0
01175,01,175,27,27,8739,4963,3776,40,6,75,4917,1192,3650,0,75,0
01178,01,178,156,156,53575,39781,13794,305,42,646,39434,10033,28755,0,646,0
01181,01,181,20,20,6533,3785,2748,44,28,77,3713,854,2782,0,77,0
01184,01,184,13,13,3612,2142,1470,5,7,5,2130,1994,131,0,5,0
01187,01,187,48,48,16472,7353,9119,48,22,75,7283,4329,2879,0,75,0
01190,01,190,29,29,8793,4342,4451,16,17,60,4309,416,3833,0,60,0
01191,01,191,66,66,22120,8915,13205,44,32,102,8839,3641,5096,0,102,0
01192,01,192,119,119,40425,20273,20152,111,71,300,20091,8144,11647,0,300,0
01193,01,193,10,10,3003,1843,1160,11,5,15,1827,374,1438,0,15,0
01196,01,196,54,54,18903,12620,6283,72,20,166,12528,2168,10194,0,166,0
01199,01,199,22,22,6756,3524,3232,24,10,57,3490,1169,2264,0,57,0
01202,01,202,21,21,7431,4192,3239,17,17,48,4158,760,3350,0,48,0
01205,01,205,107,107,34906,16875,18031,187,39,312,16649,7237,9100,0,312,0
01206,01,206,47,47,15284,8745,6539,66,21,110,8658,2523,6025,0,110,0
01208,01,208,72,72,23910,11415,12495,211,138,469,11066,6285,4312,0,469,0
01211,01,211,67,67,23005,18059,4946,77,20,333,17962,3019,14610,0,333,0
01214,01,214,392,392,135018,102328,32690,976,68,2126,101284,24993,74165,0,2126,0
01217,01,217,24,24,7850,4295,3555,24,8,65,4263,788,3410,0,65,0
01218,01,218,289,289,99546,72437,27109,407,31,1636,71999,17612,52751,0,1636,0
01220,01,220,43,43,14228,7108,7120,43,22,76,7043,724,6243,0,76,0
01223,01,223,21,21,5751,2664,3087,45,17,97,2602,677,1828,0,97,0
01226,01,226,48,48,15633,9304,6329,44,25,146,9235,1937,7152,0,146,0
01227,01,227,19,19,6600,3202,3398,14,11,25,3177,591,2561,0,25,0
01229,01,229,42,42,13854,8311,5543,85,23,149,8203,1882,6172,0,149,0
01230,01,230,10,10,3273,1739,1534,18,7,49,1714,307,1358,0,49,0
01231,01,231,64,64,21117,10309,10808,32,28,128,10249,4318,5803,0,128,0
01232,01,232,38,38,12362,7420,4942,34,15,101,7371,1404,5866,0,101,0
01235,01,235,71,71,24029,15937,8092,190,22,399,15725,3272,12054,0,399,0
01237,01,237,90,90,29573,14123,15450,56,36,188,14031,3782,10061,0,188,0
01238,01,238,41,41,13798,8260,5538,71,30,147,8159,1845,6167,0,147,0
01241,01,241,50,50,16675,9456,7219,79,32,160,9345,1800,7385,0,160,0
01244,01,244,54,54,17686,12460,5226,83,31,191,12346,1877,10278,0,191,0
01247,01,247,69,69,22612,12905,9707,159,41,233,12705,3810,8662,0,233,0
01250,01,250,91,91,29562,17895,11667,283,66,454,17546,3677,13415,0,454,0
01253,01,253,32,32,9634,5871,3763,73,19,99,5779,1164,4516,0,99,0
01256,01,256,91,91,31144,23054,8090,149,28,327,22877,3195,19355,0,327,0
01259,01,259,99,99,33611,15626,17985,200,43,521,15383,10036,4826,0,521,0
01262,01,262,95,95,28172,17663,10509,164,37,277,17462,2589,14596,0,277,0
01265,01,265,43,43,13759,8301,5458,63,21,126,8217,2359,5732,0,126,0
01268,01,268,45,45,15149,9377,5772,76,35,170,9266,2753,6343,0,170,0
01270,01,270,75,75,25378,9295,16083,120,44,164,9131,5938,3029,0,164,0
01271,01,271,18,18,6068,3301,2767,19,9,51,3273,1010,2212,0,51,0
01274,01,274,27,27,8669,4496,4173,41,11,79,4444,1161,3204,0,79,0
01277,01,277,14,14,4694,2130,2564,50,13,90,2067,646,1331,0,90,0
01280,01,280,299,299,99961,53889,46072,416,90,753,53383,35181,17449,0,753,0
01282,01,282,21,21,6767,3514,3253,35,6,51,3473,913,2509,0,51,0
01283,01,283,78,78,26022,12217,13805,109,36,226,12072,2895,8951,0,226,0
01286,01,286,37,37,12594,4742,7852,57,28,80,4657,2394,2183,0,80,0
01289,01,289,17,17,5677,3470,2207,32,9,58,3429,1098,2273,0,58,0
01290,01,290,37,37,12320,6073,6247,62,26,182,5985,1203,4600,0,182,0
01291,01,291,25,25,6906,3048,3858,12,9,12,3027,2493,522,0,12,0
01292,01,292,35,35,11398,6433,4965,37,11,84,6385,1373,4928,0,84,0
01293,01,293,20,20,6517,3090,3427,22,14,62,3054,727,2265,0,62,0
01295,01,295,108,108,35286,18465,16821,285,70,508,18110,4985,12617,0,508,0
01298,01,298,53,53,17356,8528,8828,76,38,177,8414,2071,6166,0,177,0
01300,01,300,50,50,16121,10486,5635,172,21,166,10293,4941,5186,0,166,0
01301,01,301,66,66,21838,9259,12579,150,37,182,9072,5276,3614,0,182,0
03001,03,001,3434,3434,1186097,695177,490920,2336,448,7563,692393,375178,309652,0,7563,0
03004,03,004,158,158,53101,35375,17726,105,31,263,35239,23514,11462,0,263,0
03007,03,007,70,70,23605,11338,12267,30,10,86,11298,4448,6764,0,86,0
03010,03,010,44,44,14829,7807,7022,33,11,52,7763,3132,4579,0,52,0
03013,03,013,134,134,46368,27849,18519,106,22,208,27721,19739,7774,0,208,0
03016,03,016,58,58,19691,11747,7944,33,15,75,11699,4980,6644,0,75,0
03019,03,019,77,77,26393,13710,12683,70,24,102,13616,6915,6599,0,102,0
03022,03,022,274,274,94794,55146,39648,214,39,411,54893,40114,14368,0,411,0
03025,03,025,49,49,17106,7848,9258,21,9,68,7818,2755,4995,0,68,0
03028,03,028,68,68,23661,15019,8642,41,14,128,14964,10125,4711,0,128,0
03031,03,031,19,19,5906,3624,2282,6,4,22,3614,1883,1709,0,22,0
03034,03,034,44,44,15174,9877,5297,37,13,46,9827,7171,2610,0,46,0
03035,03,035,63,63,21080,11693,9387,49,18,78,11626,6437,5111,0,78,0
03037,03,037,117,117,39762,25375,14387,66,11,213,25298,15357,9728,0,213,0
03040,03,040,67,67,22341,12186,10155,53,27,106,12106,6553,5447,0,106,0
03043,03,043,77,77,26426,16437,9989,51,21,141,16365,10689,5535,0,141,0
03046,03,046,224,224,76674,48822,27852,231,46,351,48545,32762,15432,0,351,0
03047,03,047,39,39,13465,6807,6658,23,10,42,6774,2182,4550,0,42,0
03049,03,049,80,80,27540,16838,10702,64,13,139,16761,11140,5482,0,139,0
03052,03,052,1000,1000,343745,203039,140706,737,379,1873,201923,136134,63916,0,1873,0
03055,03,055,34,34,11870,5973,5897,19,3,63,5951,2216,3672,0,63,0
03058,03,058,34,34,10777,7512,3265,22,6,42,7484,4890,2552,0,42,0
03061,03,061,26,26,9110,5960,3150,32,10,30,5918,4089,1799,0,30,0
05001,05,001,2518,2517,866447,498693,367754,1614,328,6579,496751,324123,166049,1,6579,0
05004,05,004,63,63,18850,10042,8808,28,22,65,9992,2866,7061,0,65,0
05005,05,005,24,24,6997,3808,3189,26,8,41,3774,2292,1441,0,41,0
05006,05,006,26,26,8570,4089,4481,16,8,31,4065,1478,2556,0,31,0
05007,05,007,171,171,59799,33552,26247,196,47,397,33309,23546,9366,0,397,0
05009,05,009,33,33,10952,4915,6037,18,7,41,4890,1324,3525,0,41,0
05010,05,010,40,40,13081,6549,6532,15,10,50,6524,2518,3956,0,50,0
05013,05,013,62,62,21022,10674,10348,71,27,110,10576,4619,5847,0,110,0
05014,05,014,26,26,8672,5383,3289,27,8,36,5348,3271,2041,0,36,0
05015,05,015,36,36,11673,6210,5463,23,8,35,6179,3631,2513,0,35,0
05016,05,016,49,49,15550,8889,6661,19,12,68,8858,5131,3659,0,68,0
05018,05,018,39,39,13214,7295,5919,37,20,69,7238,4639,2530,0,69,0
05022,05,022,190,190,61998,33012,28986,204,44,352,32764,13045,19367,0,352,0
05025,05,025,27,27,8429,4622,3807,10,7,29,4605,2016,2560,0,29,0
05026,05,026,39,39,12492,6336,6156,26,8,25,6302,1994,4283,0,25,0
05027,05,027,24,24,6847,3415,3432,8,5,11,3402,1580,1811,0,11,0
05028,05,028,315,315,104516,55218,49298,237,74,451,54907,34408,20048,0,451,0
05031,05,031,68,68,22905,11504,11401,49,25,94,11430,6164,5172,0,94,0
05037,05,037,35,35,10517,5111,5406,9,5,28,5097,1603,3466,0,28,0
05040,05,040,138,138,45030,21267,23763,96,32,189,21139,14766,6184,0,189,0
05041,05,041,37,37,10807,4732,6075,18,11,60,4703,2558,2085,0,60,0
05043,05,043,127,127,39829,21172,18657,82,19,142,21071,10744,10185,0,142,0
05044,05,044,43,43,13136,8244,4892,48,13,80,8183,2778,5325,0,80,0
05050,05,050,21,21,5495,2736,2759,12,3,32,2721,1788,901,0,32,0
05059,05,059,66,66,19007,9361,9646,26,16,44,9319,2796,6479,0,44,0
05063,05,063,20,20,5664,3033,2631,7,5,20,3021,1639,1362,0,20,0
05065,05,065,24,24,7017,4014,3003,16,7,40,3991,1702,2249,0,40,0
05070,05,070,48,48,16556,9483,7073,36,18,99,9429,4260,5070,0,99,0
05072,05,072,24,24,8171,4877,3294,5,5,42,4867,3039,1786,0,42,0
05073,05,073,35,35,10249,4812,5437,15,9,23,4788,2129,2636,0,23,0
05076,05,076,68,68,22212,13357,8855,47,12,95,13298,6493,6710,0,95,0
05078,05,078,24,24,7467,3809,3658,5,4,23,3800,1345,2432,0,23,0
05079,05,079,98,98,32807,17980,14827,85,28,198,17867,7728,9941,0,198,0
05082,05,082,40,40,13106,6829,6277,27,8,33,6794,3315,3446,0,33,0
05084,05,084,65,65,21137,11685,9452,79,22,130,11584,6645,4809,0,130,0
05091,05,091,43,43,14327,7619,6708,12,14,61,7593,5675,1857,0,61,0
05094,05,094,50,50,17564,9811,7753,47,17,81,9747,7292,2374,0,81,0
05095,05,095,87,87,27828,16373,11455,130,24,285,16219,3773,12161,0,285,0
05097,05,097,50,50,13893,7914,5979,44,8,87,7862,2842,4933,0,87,0
05106,05,106,26,26,8956,5935,3021,16,10,36,5909,4575,1298,0,36,0
05110,05,110,34,34,10594,6157,4437,9,6,42,6142,2501,3599,0,42,0
05113,05,113,51,51,15438,6893,8545,22,13,76,6858,3264,3518,0,76,0
05118,05,118,220,220,77424,45850,31574,159,43,573,45648,30272,14803,0,573,0
05121,05,121,50,50,17065,10644,6421,22,9,71,10613,7877,2665,0,71,0
05124,05,124,52,52,17747,9432,8315,59,25,88,9348,5216,4044,0,88,0
05127,05,127,29,29,10102,6024,4078,22,8,29,5994,4610,1355,0,29,0
07001,07,001,404,404,142355,108715,33640,1138,49,2210,107528,57709,47609,0,2210,0
07007,07,007,6,6,1976,1172,804,16,3,20,1153,315,818,0,20,0
07008,07,008,45,45,12939,8977,3962,62,19,83,8896,1760,7053,0,83,0
07010,07,010,15,15,5165,3748,1417,35,6,60,3707,1259,2388,0,60,0
07013,07,013,21,21,7008,5020,1988,53,5,87,4962,1594,3281,0,87,0
07016,07,016,5,5,1471,1031,440,8,3,14,1020,431,575,0,14,0
07019,07,019,7,7,2014,1382,632,7,2,16,1373,466,891,0,16,0
07022,07,022,15,15,4879,2941,1938,23,2,27,2916,702,2187,0,27,0
07025,07,025,13,13,4550,3154,1396,25,12,28,3117,890,2199,0,28,0
07028,07,028,7,7,2442,1627,815,2,7,12,1618,257,1349,0,12,0
07031,07,031,16,16,5008,3458,1550,19,2,35,3437,622,2780,0,35,0
07034,07,034,3,3,980,752,228,6,0,6,746,194,546,0,6,0
07037,07,037,12,12,3219,2246,973,18,6,35,2222,574,1613,0,35,0
07040,07,040,9,9,2383,1620,763,4,1,23,1615,253,1339,0,23,0
07043,07,043,11,11,3658,2609,1049,35,3,55,2571,1055,1461,0,55,0
07046,07,046,11,11,3861,2875,986,11,5,31,2859,377,2451,0,31,0
07049,07,049,30,30,10018,7023,2995,88,6,118,6929,2873,3938,0,118,0
07052,07,052,12,12,3192,2089,1103,7,2,13,2080,276,1791,0,13,0
07055,07,055,7,7,2423,1845,578,15,3,29,1827,659,1139,0,29,0
07058,07,058,12,12,3418,2097,1321,5,2,14,2090,250,1826,0,14,0
07059,07,059,22,22,7075,3717,3358,65,14,50,3638,2300,1288,0,50,0
07060,07,060,10,10,3447,2536,911,15,7,25,2514,1091,1398,0,25,0
07061,07,061,6,6,1858,1239,619,6,3,9,1230,354,867,0,9,0
07064,07,064,10,10,3081,2139,942,11,1,13,2127,468,1646,0,13,0
07067,07,067,132,132,44207,31250,12957,337,20,517,30893,11739,18637,0,517,0
07068,07,068,15,15,4769,3127,1642,26,3,22,3098,904,2172,0,22,0
07070,07,070,11,11,3173,1786,1387,3,2,18,1781,265,1498,0,18,0
07073,07,073,23,23,6277,3642,2635,20,8,35,3614,612,2967,0,35,0
07076,07,076,18,18,5796,3531,2265,12,6,12,3513,546,2955,0,12,0
07077,07,077,10,10,3355,2534,821,12,0,31,2522,928,1563,0,31,0
07078,07,078,7,7,1897,1262,635,5,1,13,1256,152,1091,0,13,0
07079,07,079,283,283,97592,73569,24023,710,39,1389,72820,35416,36015,0,1389,0
07082,07,082,11,11,3356,2086,1270,28,1,51,2057,384,1622,0,51,0
07085,07,085,8,8,2184,1480,704,8,1,17,1471,196,1258,0,17,0
07088,07,088,19,19,6034,4042,1992,46,2,63,3994,1860,2071,0,63,0
07091,07,091,11,11,3567,2631,936,11,6,37,2614,575,2002,0,37,0
07094,07,094,9,9,3010,2095,915,13,6,27,2076,481,1568,0,27,0
07097,07,097,13,13,4017,2889,1128,14,2,25,2873,520,2328,0,25,0
07100,07,100,38,38,12611,8876,3735,95,6,159,8775,3271,5345,0,159,0
07103,07,103,5,5,1553,997,556,14,1,11,982,208,763,0,11,0
07106,07,106,27,27,9177,6339,2838,62,7,112,6270,2380,3778,0,112,0
07109,07,109,11,11,3891,2765,1126,10,2,21,2753,485,2247,0,21,0
07112,07,112,12,12,3076,1876,1200,22,4,31,1850,756,1063,0,31,0
07118,07,118,7,7,2275,1616,659,15,1,25,1600,534,1041,0,25,0
07121,07,121,19,19,6469,4495,1974,30,7,42,4458,1323,3093,0,42,0
07124,07,124,12,12,3369,2086,1283,9,5,9,2072,198,1865,0,9,0
07127,07,127,10,10,3156,2298,858,11,3,17,2284,397,1870,0,17,0
07130,07,130,7,7,2459,1762,697,8,2,19,1752,431,1302,0,19,0
07136,07,136,9,9,2390,1608,782,8,2,25,1598,247,1326,0,25,0
07137,07,137,6,6,1586,902,684,6,1,11,895,204,680,0,11,0
07139,07,139,41,41,14104,10740,3364,81,9,216,10650,4000,6434,0,216,0
07142,07,142,13,13,3654,2480,1174,19,9,37,2452,514,1901,0,37,0
07148,07,148,19,19,5932,3511,2421,11,8,22,3492,450,3020,0,22,0
07151,07,151,23,23,7629,5506,2123,36,8,82,5462,2332,3048,0,82,0
07154,07,154,13,13,4098,3160,938,7,4,18,3149,474,2657,0,18,0
07157,07,157,12,12,4026,3027,999,22,4,41,3001,962,1998,0,41,0
07160,07,160,58,58,20012,13963,6049,156,24,194,13783,4714,8875,0,194,0
07161,07,161,18,18,5835,4260,1575,31,3,43,4226,1921,2262,0,43,0
07163,07,163,24,24,7509,4539,2970,48,8,56,4483,1422,3005,0,56,0
07166,07,166,40,40,13741,10822,2919,69,3,125,10750,6641,3984,0,125,0
07169,07,169,14,14,4922,3576,1346,21,7,42,3548,1083,2423,0,42,0
07173,07,173,9,9,2870,2161,709,26,2,36,2133,901,1196,0,36,0
07176,07,176,27,27,7330,4832,2498,23,3,37,4806,919,3850,0,37,0
07178,07,178,6,6,1946,1414,532,19,2,9,1393,285,1099,0,9,0
07179,07,179,8,8,2406,1804,602,9,4,29,1791,305,1457,0,29,0
07181,07,181,90,90,30726,23291,7435,245,5,424,23041,10275,12342,0,424,0
07184,07,184,6,6,1782,1226,556,3,1,14,1222,344,864,0,14,0
07187,07,187,5,5,1579,971,608,4,4,14,963,179,770,0,14,0
07190,07,190,22,22,6873,4441,2432,29,15,28,4397,1045,3324,0,28,0
07193,07,193,6,6,1763,1202,561,6,3,12,1193,174,1007,0,12,0
07199,07,199,13,13,4047,2654,1393,32,3,52,2619,1433,1134,0,52,0
07202,07,202,20,20,6416,4244,2172,21,10,46,4213,952,3215,0,46,0
07205,07,205,4,4,1251,843,408,2,4,11,837,159,667,0,11,0
07214,07,214,119,119,39824,25561,14263,581,47,360,24933,10046,14527,0,360,0
07215,07,215,17,17,4965,2833,2132,28,4,21,2801,544,2236,0,21,0
07217,07,217,29,29,9450,6712,2738,47,7,88,6658,1936,4634,0,88,0
07220,07,220,17,17,5546,4153,1393,47,3,68,4103,1151,2884,0,68,0
07223,07,223,7,7,2259,1568,691,7,0,19,1561,354,1188,0,19,0
07226,07,226,35,35,10514,7483,3031,89,7,120,7387,2149,5118,0,120,0
07232,07,232,13,13,4435,3426,1009,29,1,62,3396,1021,2313,0,62,0
07235,07,235,47,47,16357,11770,4587,129,12,177,11629,3497,7955,0,177,0
07237,07,237,5,5,1549,1074,475,8,1,21,1065,333,711,0,21,0
07238,07,238,18,18,5504,3504,2000,14,9,25,3481,677,2779,0,25,0
07241,07,241,15,15,4191,2876,1315,16,3,34,2857,372,2451,0,34,0
07247,07,247,11,11,3524,2198,1326,7,3,27,2188,280,1881,0,27,0
07248,07,248,9,9,2881,2061,820,15,2,29,2044,517,1498,0,29,0
07249,07,249,20,20,6064,3928,2136,21,0,38,3907,612,3257,0,38,0
07250,07,250,21,21,7259,4513,2746,25,3,39,4485,1126,3320,0,39,0
07251,07,251,11,11,3134,2121,1013,25,4,34,2092,776,1282,0,34,0
07253,07,253,27,27,8967,6766,2201,53,9,100,6704,2274,4330,0,100,0
07256,07,256,10,10,3273,2324,949,20,3,27,2301,399,1875,0,27,0
07259,07,259,8,8,2479,1564,915,8,1,19,1555,222,1314,0,19,0
07262,07,262,4,4,1254,789,465,6,1,10,782,190,582,0,10,0
07265,07,265,18,18,6298,4409,1889,44,12,53,4353,1171,3129,0,53,0
07268,07,268,22,22,7661,5361,2300,63,8,63,5290,1686,3541,0,63,0
07271,07,271,20,20,5820,3641,2179,36,8,32,3597,728,2837,0,32,0
07274,07,274,22,22,6834,4449,2385,61,4,62,4384,1469,2853,0,62,0
07277,07,277,286,286,101453,75552,25901,780,47,1358,74725,35358,38009,0,1358,0
07280,07,280,9,9,2880,1929,951,15,4,19,1910,509,1382,0,19,0
07281,07,281,9,9,2968,2217,751,23,4,41,2190,797,1352,0,41,0
07282,07,282,19,19,6416,4644,1772,49,9,50,4586,1643,2893,0,50,0
07283,07,283,19,19,6270,4757,1513,57,17,56,4683,1494,3133,0,56,0
07286,07,286,9,9,2501,1614,887,11,9,21,1594,286,1287,0,21,0
07289,07,289,18,18,6260,4684,1576,31,6,75,4647,1256,3316,0,75,0
07292,07,292,12,12,3938,2811,1127,33,7,40,2771,836,1895,0,40,0
07298,07,298,14,14,4934,3311,1623,25,1,35,3285,1023,2227,0,35,0
07301,07,301,11,11,3593,2530,1063,15,3,46,2512,669,1797,0,46,0
07304,07,304,23,23,7542,5022,2520,38,8,53,4976,1271,3652,0,53,0
07307,07,307,30,30,10335,7661,2674,82,5,103,7574,3676,3795,0,103,0
07310,07,310,9,9,3116,2437,679,16,3,34,2418,858,1526,0,34,0
07311,07,311,11,11,3619,2269,1350,15,6,17,2248,484,1747,0,17,0
07313,07,313,23,23,8015,5776,2239,76,7,112,5693,2014,3567,0,112,0
07316,07,316,13,13,4469,2737,1732,20,5,27,2712,556,2129,0,27,0
07319,07,319,11,11,3476,2640,836,21,5,45,2614,716,1853,0,45,0
07322,07,322,14,14,4491,2871,1620,20,15,17,2836,617,2202,0,17,0
07324,07,324,5,5,1578,1069,509,7,0,8,1062,279,775,0,8,0
07325,07,325,17,17,5716,3987,1729,40,6,86,3941,1199,2656,0,86,0
07328,07,328,25,25,8624,6370,2254,59,11,102,6300,2559,3639,0,102,0
07331,07,331,7,7,2095,1501,594,13,0,24,1488,433,1031,0,24,0
07334,07,334,17,17,5746,4154,1592,14,5,43,4135,798,3294,0,43,0
07337,07,337,35,35,11975,8216,3759,87,12,118,8117,2968,5031,0,118,0
07340,07,340,8,8,2485,1808,677,11,2,18,1795,325,1452,0,18,0
07346,07,346,14,14,4639,3212,1427,13,2,40,3197,820,2337,0,40,0
09001,09,001,1013,1013,348633,242479,106154,3699,299,6100,238481,103619,128762,0,6100,0
09004,09,004,59,59,18959,12016,6943,150,35,182,11831,2232,9417,0,182,0
09007,09,007,92,92,29450,17653,11797,352,57,379,17244,5312,11553,0,379,0
09013,09,013,37,37,11178,6332,4846,100,28,143,6204,1156,4905,0,143,0
09022,09,022,31,31,10328,5754,4574,74,32,108,5648,1976,3564,0,108,0
09034,09,034,140,140,47723,29154,18569,545,64,535,28545,11820,16190,0,535,0
09037,09,037,30,30,9182,5237,3945,67,21,79,5149,1161,3909,0,79,0
09049,09,049,170,170,57276,33410,23866,655,54,460,32701,14956,17285,0,460,0
09052,09,052,19,19,5647,3156,2491,45,19,69,3092,896,2127,0,69,0
09055,09,055,48,48,15388,8693,6695,122,22,170,8549,1799,6580,0,170,0
09058,09,058,26,26,7814,3845,3969,60,11,78,3774,1704,1992,0,78,0
09061,09,061,37,37,12327,7099,5228,89,29,123,6981,1438,5420,0,123,0
09067,09,067,9,9,2359,1285,1074,26,5,34,1254,219,1001,0,34,0
09076,09,076,60,60,19798,11834,7964,253,51,224,11530,3516,7790,0,224,0
09078,09,078,21,21,6716,3487,3229,67,5,81,3415,1222,2112,0,81,0
09079,09,079,40,40,11981,7413,4568,115,37,151,7261,1344,5766,0,151,0
09082,09,082,44,44,14895,8488,6407,160,19,126,8309,3337,4846,0,126,0
09085,09,085,53,53,16297,9497,6800,129,29,199,9339,2237,6903,0,199,0
09103,09,103,125,125,41284,26801,14483,560,64,512,26177,12182,13483,0,512,0
09106,09,106,32,32,10544,5908,4636,88,25,106,5795,1593,4096,0,106,0
09109,09,109,45,45,14703,8398,6305,153,31,174,8214,2327,5713,0,174,0
09115,09,115,54,54,16703,9770,6933,143,34,160,9593,2155,7278,0,160,0
09120,09,120,16,16,4960,2936,2024,34,11,54,2891,925,1912,0,54,0
09124,09,124,74,74,24049,14067,9982,428,44,297,13595,5780,7518,0,297,0
09127,09,127,26,26,8387,4974,3413,85,17,67,4872,1492,3313,0,67,0
09130,09,130,147,147,48521,34113,14408,596,49,747,33468,15021,17700,0,747,0
09133,09,133,44,44,13569,8111,5458,100,15,111,7996,2285,5600,0,111,0
11001,11,001,785,785,269520,200345,69175,2170,213,3196,197962,128296,66470,0,3196,0
11004,11,004,43,43,12877,9758,3119,109,27,174,9622,9035,413,0,174,0
11005,11,005,73,73,22907,18034,4873,547,26,274,17461,15849,1338,0,274,0
11006,11,006,55,55,17796,14851,2945,499,28,254,14324,12408,1662,0,254,0
11007,11,007,122,122,29820,22372,7448,791,77,544,21504,19406,1554,0,544,0
11010,11,010,61,61,18493,14078,4415,585,102,387,13391,8688,4316,0,387,0
11013,11,013,83,83,26783,20002,6781,501,143,409,19358,13051,5898,0,409,0
11016,11,016,81,81,26334,20301,6033,251,30,164,20020,17364,2492,0,164,0
11019,11,019,68,68,21544,16572,4972,192,22,175,16358,13217,2966,0,175,0
11022,11,022,59,59,19614,14807,4807,117,46,170,14644,12017,2457,0,170,0
11025,11,025,145,145,40574,32356,8218,984,203,703,31169,22753,7713,0,703,0
11027,11,027,16,16,5065,4055,1010,109,26,182,3920,2925,813,0,182,0
11028,11,028,71,71,19226,10831,8395,91,6,46,10734,10097,591,0,46,0
11029,11,029,47,47,14749,11044,3705,165,8,104,10871,9076,1691,0,104,0
11031,11,031,65,65,19391,13542,5849,104,45,81,13393,10734,2578,0,81,0
11034,11,034,33,33,10320,9071,1249,39,13,53,9019,8766,200,0,53,0
11037,11,037,29,29,9228,6579,2649,153,29,108,6397,4286,2003,0,108,0
11040,11,040,53,53,14985,10100,4885,102,19,85,9979,8123,1771,0,85,0
11043,11,043,61,61,13722,8634,5088,80,25,109,8529,7871,549,0,109,0
11046,11,046,48,48,13969,9686,4283,156,58,239,9472,7867,1366,0,239,0
11049,11,049,70,70,22203,16396,5807,136,18,174,16242,12996,3072,0,174,0
11052,11,052,75,75,23285,17759,5526,294,54,331,17411,12333,4747,0,331,0
11053,11,053,24,24,7325,4674,2651,91,6,47,4577,3659,871,0,47,0
11055,11,055,82,82,22832,16030,6802,136,40,139,15854,13475,2240,0,139,0
11058,11,058,95,95,28400,20914,7486,484,75,354,20355,15757,4244,0,354,0
11060,11,060,26,26,6733,3722,3011,44,12,82,3666,2472,1112,0,82,0
11061,11,061,102,102,32375,22036,10339,333,42,340,21661,13317,8004,0,340,0
11064,11,064,104,104,35830,23886,11944,229,17,232,23640,20345,3063,0,232,0
11067,11,067,31,31,10038,6954,3084,55,26,72,6873,5077,1724,0,72,0
11070,11,070,28,28,8785,6121,2664,125,21,70,5975,3860,2045,0,70,0
11073,11,073,24,24,7048,4797,2251,42,24,56,4731,3823,852,0,56,0
11076,11,076,250,250,87246,63535,23711,904,127,875,62504,45798,15831,0,875,0
11079,11,079,18,18,4121,2615,1506,17,3,26,2595,1845,724,0,26,0
11082,11,082,80,80,24598,17269,7329,282,51,198,16936,13726,3012,0,198,0
11085,11,085,29,29,7670,5319,2351,59,10,89,5250,3633,1528,0,89,0
11086,11,086,22,22,5914,4594,1320,65,9,62,4520,4178,280,0,62,0
11087,11,087,62,62,19081,14088,4993,648,49,322,13391,9318,3751,0,322,0
11088,11,088,89,89,28850,21180,7670,353,43,355,20784,13067,7362,0,355,0
11091,11,091,60,60,15903,10398,5505,26,1,16,10371,10101,254,0,16,0
11094,11,094,67,67,21550,18101,3449,118,25,131,17958,16826,1001,0,131,0
11097,11,097,45,45,13402,9814,3588,94,13,71,9707,8488,1148,0,71,0
11098,11,098,46,46,15869,11009,4860,159,13,86,10837,9556,1195,0,86,0
12001,12,001,996,996,348470,214446,134024,1521,164,2790,212761,111694,98277,0,2790,0
12075,12,075,237,237,77716,49835,27881,527,47,653,49261,17595,31013,0,653,0
12150,12,150,155,155,54027,30494,23533,220,59,309,30215,17897,12009,0,309,0
12170,12,170,51,51,17193,10167,7026,33,12,76,10122,4422,5624,0,76,0
12180,12,180,60,60,20407,11283,9124,77,15,117,11191,6965,4109,0,117,0
12200,12,200,97,97,33616,19101,14515,106,29,198,18966,11165,7603,0,198,0
12225,12,225,96,96,31317,18011,13306,202,15,201,17794,9840,7753,0,201,0
12300,12,300,84,84,26186,14234,11952,58,12,84,14164,6288,7792,0,84,0
12375,12,375,73,73,25033,13933,11100,86,9,108,13838,8359,5371,0,108,0
12410,12,410,78,78,26182,14964,11218,65,23,127,14876,9404,5345,0,127,0
12415,12,415,87,87,29903,18827,11076,116,24,168,18687,12596,5923,0,168,0
12450,12,450,38,38,11520,7043,4477,23,10,54,7010,2487,4469,0,54,0
12525,12,525,20,20,5060,2886,2174,31,1,71,2854,848,1935,0,71,0
12600,12,600,39,39,11948,7808,4140,52,8,66,7748,3274,4408,0,66,0
12608,12,608,97,97,32766,19325,13441,212,17,229,19096,11855,7012,0,229,0
12625,12,625,30,30,9290,5952,3338,39,10,41,5903,2970,2892,0,41,0
12650,12,650,50,50,16717,9910,6807,79,11,94,9820,4232,5494,0,94,0
12700,12,700,51,51,17485,10242,7243,94,17,111,10131,3795,6225,0,111,0
12720,12,720,72,72,23911,13403,10508,96,58,122,13249,8345,4782,0,122,0
12750,12,750,55,55,17091,10561,6530,69,9,128,10483,3310,7045,0,128,0
12800,12,800,63,63,20555,12637,7918,132,15,135,12490,5937,6418,0,135,0
12825,12,825,71,71,23752,13230,10522,69,8,113,13153,5097,7943,0,113,0
12850,12,850,55,55,17710,10783,6927,69,12,123,10702,5069,5510,0,123,0
12875,12,875,62,62,19834,13160,6674,186,20,167,12954,5120,7667,0,167,0
12900,12,900,37,37,11450,6267,5183,29,7,39,6231,3166,3026,0,39,0
13001,13,001,1090,1090,374004,242756,131248,1293,248,2659,241215,132930,105626,0,2659,0
13004,13,004,113,113,36724,18844,17880,109,35,172,18700,8727,9801,0,172,0
13007,13,007,63,63,19373,11075,8298,42,17,101,11016,7271,3644,0,101,0
13009,13,009,59,59,18464,10389,8075,26,21,57,10342,6119,4166,0,57,0
13010,13,010,230,230,79044,53564,25480,277,39,536,53248,34007,18705,0,536,0
13013,13,013,147,147,48770,32046,16724,142,48,226,31856,22968,8662,0,226,0
13014,13,014,51,51,16866,10926,5940,30,8,80,10888,6219,4589,0,80,0
13016,13,016,43,43,13673,8764,4909,21,6,46,8737,4705,3986,0,46,0
13019,13,019,132,132,40358,26953,13405,163,31,276,26759,10780,15703,0,276,0
13020,13,020,39,39,13069,7490,5579,43,19,78,7428,5479,1871,0,78,0
13022,13,022,279,279,93485,56091,37394,222,64,452,55805,34173,21180,0,452,0
13023,13,023,56,56,17303,9708,7595,35,21,90,9652,4576,4986,0,90,0
13024,13,024,44,44,15043,9540,5503,35,11,100,9494,4687,4707,0,100,0
13025,13,025,178,178,63005,38341,24664,199,41,390,38101,28685,9026,0,390,0
13027,13,027,68,68,22405,13150,9255,39,23,77,13088,6451,6560,0,77,0
13028,13,028,155,155,57122,32768,24354,224,46,317,32498,18347,13834,0,317,0
13031,13,031,89,89,27803,17308,10495,75,21,168,17212,8602,8442,0,168,0
13032,13,032,99,99,32704,19445,13259,100,40,293,19305,14208,4804,0,293,0
13033,13,033,63,63,20318,11665,8653,27,11,64,11627,5444,6119,0,64,0
13034,13,034,45,45,14689,8912,5777,37,19,70,8856,3766,5020,0,70,0
13037,13,037,261,261,85106,52893,32213,295,47,471,52551,30173,21907,0,471,0
13040,13,040,97,97,32490,21601,10889,101,39,153,21461,14114,7194,0,153,0
13043,13,043,75,75,24949,15553,9396,61,30,142,15462,8112,7208,0,142,0
13046,13,046,92,92,28983,15601,13382,49,25,122,15527,10232,5173,0,122,0
13049,13,049,67,67,21940,12614,9326,50,28,101,12536,6105,6330,0,101,0
13052,13,052,30,30,8719,5173,3546,16,5,44,5152,4163,945,0,44,0
13055,13,055,116,116,38845,25311,13534,87,28,177,25196,13661,11358,0,177,0
13058,13,058,223,223,72667,38895,33772,235,49,412,38611,24717,13482,0,412,0
13060,13,060,86,86,28195,18430,9765,132,57,121,18241,11745,6375,0,121,0
13061,13,061,90,90,28857,15983,12874,52,32,129,15899,7983,7787,0,129,0
15004,15,004,28,28,9859,6470,3389,71,5,78,6394,2924,3392,0,78,0
15007,15,007,17,17,5545,3790,1755,66,6,53,3718,1188,2477,0,53,0
15010,15,010,39,39,13526,9411,4115,66,13,122,9332,2976,6234,0,122,0
15013,15,013,36,36,12210,8282,3928,65,9,135,8208,2370,5703,0,135,0
15016,15,016,29,29,9924,7202,2722,51,10,99,7141,2294,4748,0,99,0
15019,15,019,7,7,2242,1401,841,9,1,7,1391,533,851,0,7,0
15022,15,022,10,10,2930,1825,1105,9,4,30,1812,455,1327,0,30,0
15025,15,025,22,22,7695,5903,1792,115,8,99,5780,3126,2555,0,99,0
15029,15,029,11,11,3588,2237,1351,13,0,17,2224,1411,796,0,17,0
15030,15,030,29,29,9939,6948,2991,66,7,91,6875,2282,4502,0,91,0
15031,15,031,199,199,68439,54751,13688,507,18,1309,54226,21913,31004,0,1309,0
15034,15,034,35,35,10738,6559,4179,36,12,66,6511,929,5516,0,66,0
15037,15,037,44,44,14914,10740,4174,110,13,150,10617,3592,6875,0,150,0
15040,15,040,19,19,6379,4598,1781,49,7,85,4542,996,3461,0,85,0
15043,15,043,50,50,17144,13683,3461,154,7,248,13522,6502,6772,0,248,0
15046,15,046,90,90,31558,23376,8182,202,13,556,23161,8575,14030,0,556,0
15049,15,049,16,16,5388,4240,1148,48,4,58,4188,722,3408,0,58,0
15052,15,052,12,12,3984,2560,1424,14,7,19,2539,554,1966,0,19,0
15055,15,055,355,355,124222,96920,27302,758,35,2212,96127,35917,57998,0,2212,0
15058,15,058,25,25,8580,6433,2147,58,5,81,6370,1982,4307,0,81,0
15061,15,061,36,36,12177,9178,2999,51,3,132,9124,2195,6797,0,132,0
15064,15,064,50,50,17046,12470,4576,166,16,193,12288,3870,8225,0,193,0
15067,15,067,71,71,24239,16241,7998,158,17,199,16066,6314,9553,0,199,0
15070,15,070,15,15,4592,2970,1622,16,8,28,2946,447,2471,0,28,0
15072,15,072,62,62,21040,15923,5117,339,14,286,15570,7298,7986,0,286,0
15076,15,076,306,306,104308,77489,26819,1455,46,1427,75988,43913,30648,0,1427,0
15079,15,079,30,30,9940,7476,2464,33,8,93,7435,1335,6007,0,93,0
15085,15,085,17,17,5549,3983,1566,8,1,43,3974,595,3336,0,43,0
15088,15,088,242,242,81479,61865,19614,866,13,1236,60986,33048,26702,0,1236,0
15091,15,091,13,13,4297,3231,1066,27,3,73,3201,1076,2052,0,73,0
15094,15,094,367,367,124137,87351,36786,823,47,1470,86481,34662,50349,0,1470,0
15097,15,097,18,18,5153,3106,2047,20,6,33,3080,831,2216,0,33,0
15100,15,100,38,38,13081,10129,2952,144,9,192,9976,5831,3953,0,192,0
15103,15,103,26,26,8830,5806,3024,42,14,104,5750,1574,4072,0,104,0
15106,15,106,9,9,3143,2150,993,18,5,26,2127,488,1613,0,26,0
15109,15,109,256,256,87128,59520,27608,652,28,797,58840,26524,31519,0,797,0
15112,15,112,28,28,9577,6689,2888,108,15,162,6566,1662,4742,0,162,0
15115,15,115,73,73,22649,15132,7517,148,20,232,14964,4941,9791,0,232,0
15118,15,118,37,37,12564,9289,3275,197,10,222,9082,3838,5022,0,222,0
15121,15,121,8,8,2758,1617,1141,6,1,10,1610,638,962,0,10,0
15124,15,124,16,16,5664,4423,1241,46,7,96,4370,1235,3039,0,96,0
15127,15,127,15,15,4560,3314,1246,26,7,59,3281,998,2224,0,59,0
15128,15,128,14,14,4648,3400,1248,20,6,23,3374,858,2493,0,23,0
15130,15,130,9,9,2870,2136,734,6,1,13,2129,269,1847,0,13,0
15132,15,132,20,20,6794,4834,1960,53,3,61,4778,2282,2435,0,61,0
15133,15,133,9,9,2841,1819,1022,2,1,11,1816,499,1306,0,11,0
15136,15,136,17,17,5406,3697,1709,34,9,48,3654,945,2661,0,48,0
15139,15,139,77,77,25657,19157,6500,185,10,428,18962,8462,10072,0,428,0
15142,15,142,86,86,28402,19492,8910,177,22,296,19293,7192,11805,0,296,0
15145,15,145,26,26,8355,4868,3487,28,13,46,4827,1352,3429,0,46,0
15148,15,148,19,19,6054,4187,1867,16,12,37,4159,626,3496,0,37,0
15151,15,151,42,42,14607,10271,4336,75,10,131,10186,2695,7360,0,131,0
15154,15,154,23,23,7578,6016,1562,47,9,85,5960,687,5188,0,85,0
15157,15,157,19,19,6610,4802,1808,22,8,64,4772,869,3839,0,64,0
15160,15,160,274,274,93544,72150,21394,1069,41,1452,71040,40102,29486,0,1452,0
15163,15,163,12,12,4024,2960,1064,11,5,38,2944,565,2341,0,38,0
15166,15,166,25,25,6883,4688,2195,39,6,57,4643,859,3727,0,57,0
15169,15,169,289,289,99110,77077,22033,808,29,1617,76240,40213,34410,0,1617,0
15172,15,172,9,9,2937,1908,1029,5,4,17,1899,894,988,0,17,0
15175,15,175,34,34,11727,9029,2698,157,6,135,8866,4184,4547,0,135,0
15178,15,178,19,19,6281,3867,2414,28,3,51,3836,1270,2515,0,51,0
15181,15,181,11,11,3439,2472,967,9,5,26,2458,459,1973,0,26,0
15184,15,184,16,16,5433,3870,1563,24,3,45,3843,1306,2492,0,45,0
15190,15,190,71,71,23506,16015,7491,124,16,250,15875,3939,11686,0,250,0
15193,15,193,17,17,5143,3062,2081,8,5,27,3049,608,2414,0,27,0
15196,15,196,13,13,4419,2882,1537,15,8,22,2859,1104,1733,0,22,0
15198,15,198,26,26,7784,5170,2614,49,9,38,5112,1291,3783,0,38,0
15199,15,199,25,25,8541,6036,2505,50,7,64,5979,3131,2784,0,64,0
15202,15,202,40,40,13344,7970,5374,103,10,94,7857,3342,4421,0,94,0
15205,15,205,11,11,2887,1609,1278,6,5,16,1598,421,1161,0,16,0
15208,15,208,14,14,4356,3302,1054,20,7,41,3275,492,2742,0,41,0
15211,15,211,18,18,5896,4402,1494,37,4,47,4361,1487,2827,0,47,0
15214,15,214,20,20,6221,4077,2144,21,17,39,4039,770,3230,0,39,0
15217,15,217,22,22,7299,4991,2308,45,6,52,4940,1606,3282,0,52,0
15218,15,218,40,40,13415,8858,4557,73,4,104,8781,3325,5352,0,104,0
15220,15,220,28,28,9533,6827,2706,46,3,81,6778,2520,4177,0,81,0
15223,15,223,24,24,7842,4975,2867,26,6,40,4943,1683,3220,0,40,0
15226,15,226,16,16,4452,2743,1709,6,3,36,2734,388,2310,0,36,0
15229,15,229,31,31,9807,6822,2985,53,6,105,6763,1923,4735,0,105,0
15232,15,232,29,29,9104,5851,3253,30,7,57,5814,1737,4020,0,57,0
15235,15,235,29,29,9558,6599,2959,67,4,74,6528,1897,4557,0,74,0
15238,15,238,29,29,9784,7544,2240,133,13,155,7398,3601,3642,0,155,0
15239,15,239,83,83,28107,20342,7765,259,17,335,20066,10706,9025,0,335,0
15241,15,241,61,61,20556,14393,6163,142,18,190,14233,4901,9142,0,190,0
15244,15,244,31,31,10287,7393,2894,77,9,123,7307,2213,4971,0,123,0
15247,15,247,1046,1046,362686,272989,89697,3179,113,4413,269697,175011,90273,0,4413,0
15250,15,250,64,64,21119,16969,4150,191,8,381,16770,9055,7334,0,381,0
15256,15,256,40,40,13337,10332,3005,127,3,203,10202,2904,7095,0,203,0
15259,15,259,36,36,12064,9303,2761,171,17,191,9115,5110,3814,0,191,0
15262,15,262,14,14,4708,3284,1424,17,10,43,3257,656,2558,0,43,0
15265,15,265,16,16,5636,4206,1430,23,7,74,4176,1029,3073,0,74,0
15268,15,268,13,13,4375,3292,1083,39,4,70,3249,940,2239,0,70,0
15271,15,271,57,57,19093,14556,4537,176,6,315,14374,5905,8154,0,315,0
15274,15,274,20,20,6433,4930,1503,56,3,114,4871,965,3792,0,114,0
15277,15,277,24,24,7979,5639,2340,28,6,74,5605,1921,3610,0,74,0
15280,15,280,56,56,19593,15335,4258,248,22,381,15065,6157,8527,0,381,0
15283,15,283,14,14,4579,3143,1436,24,6,37,3113,1232,1844,0,37,0
15286,15,286,9,9,3017,2035,982,15,5,21,2015,610,1384,0,21,0
15289,15,289,38,38,13044,7837,5207,68,6,95,7763,2707,4961,0,95,0
15292,15,292,127,127,43119,34671,8448,534,13,679,34124,21023,12422,0,679,0
15295,15,295,13,13,4342,2559,1783,11,5,29,2543,452,2062,0,29,0
15298,15,298,33,33,8784,5388,3396,31,16,66,5341,1140,4135,0,66,0
15301,15,301,19,19,6318,4715,1603,52,6,58,4657,1242,3357,0,58,0
15304,15,304,113,113,37209,27420,9789,426,18,607,26976,9191,17178,0,607,0
15307,15,307,21,21,6806,5077,1729,46,2,87,5029,1344,3598,0,87,0
15316,15,316,15,15,5032,3504,1528,16,4,32,3484,458,2994,0,32,0
15318,15,318,13,13,3789,2408,1381,8,2,25,2398,954,1419,0,25,0
15319,15,319,23,23,7214,4659,2555,29,6,57,4624,896,3671,0,57,0
15322,15,322,13,13,4365,3034,1331,14,2,32,3018,864,2122,0,32,0
15323,15,323,7,7,2131,1392,739,10,1,15,1381,364,1002,0,15,0
15325,15,325,42,42,14633,11672,2961,108,8,222,11556,2247,9087,0,222,0
15328,15,328,77,77,25415,17641,7774,134,17,255,17490,4683,12552,0,255,0
15331,15,331,37,37,12161,7839,4322,54,13,74,7772,3021,4677,0,74,0
15334,15,334,37,37,10829,6278,4551,35,12,51,6231,980,5200,0,51,0
15337,15,337,13,13,4351,3098,1253,46,6,51,3046,1172,1823,0,51,0
15340,15,340,332,332,113388,88884,24504,1051,45,1808,87788,49918,36062,0,1808,0
16001,16,001,17164,17164,6076599,4293241,1783358,31445,1523,91516,4260273,2235514,1933243,0,91516,0
17001,17,001,271,271,88487,49815,38672,664,269,542,48882,39917,8423,0,542,0
17002,17,002,28,28,8536,4702,3834,51,3,29,4648,3936,683,0,29,0
17004,17,004,36,36,10929,5198,5731,28,17,62,5153,2554,2537,0,62,0
17006,17,006,53,53,12001,6572,5429,9,1,9,6562,6345,208,0,9,0
17007,17,007,30,30,8439,3912,4527,13,4,11,3895,3461,423,0,11,0
17008,17,008,29,29,9023,4862,4161,38,6,28,4818,3860,930,0,28,0
17010,17,010,45,45,12460,5027,7433,30,9,22,4988,4491,475,0,22,0
17011,17,011,36,36,8977,4292,4685,4,0,9,4288,4002,277,0,9,0
17012,17,012,26,26,7656,3743,3913,38,1,13,3704,3337,354,0,13,0
17013,17,013,42,42,11346,6004,5342,82,10,66,5912,4964,882,0,66,0
17014,17,014,18,18,5120,3004,2116,24,7,20,2973,2353,600,0,20,0
17015,17,015,39,39,10290,5554,4736,82,14,55,5458,4713,690,0,55,0
17016,17,016,23,23,7263,4432,2831,46,9,60,4377,1799,2518,0,60,0
17017,17,017,19,19,6069,3106,2963,26,2,21,3078,2435,622,0,21,0
17019,17,019,80,80,24332,11822,12510,146,32,115,11644,9765,1764,0,115,0
17022,17,022,13,13,3898,1722,2176,5,4,11,1713,1514,188,0,11,0
17025,17,025,31,31,9374,4566,4808,100,16,32,4450,3435,983,0,32,0
17026,17,026,37,37,9801,4633,5168,14,5,15,4614,4335,264,0,15,0
17027,17,027,29,29,7862,4320,3542,54,13,36,4253,3855,362,0,36,0
17028,17,028,26,26,6022,3202,2820,58,16,36,3128,2509,583,0,36,0
17031,17,031,24,24,7175,3658,3517,29,2,14,3627,3250,363,0,14,0
17032,17,032,19,19,4707,2014,2693,55,3,14,1956,1484,458,0,14,0
17034,17,034,52,52,14222,7525,6697,57,9,41,7459,6393,1025,0,41,0
17035,17,035,25,25,7564,4567,2997,72,15,25,4480,3498,957,0,25,0
17037,17,037,21,21,4272,2211,2061,46,13,49,2152,1447,656,0,49,0
17038,17,038,43,43,9194,5459,3735,12,5,8,5442,5343,91,0,8,0
17040,17,040,12,12,3186,1704,1482,21,6,10,1677,1511,156,0,10,0
17043,17,043,49,49,14631,7854,6777,216,30,81,7608,6002,1525,0,81,0
17048,17,048,33,33,10281,4985,5296,19,10,54,4956,3204,1698,0,54,0
17060,17,060,22,22,6103,3118,2985,58,5,24,3055,2378,653,0,24,0
17082,17,082,41,41,12574,6744,5830,79,8,61,6657,4584,2012,0,61,0
19001,19,001,847,847,297225,199625,97600,1788,155,3025,197682,91103,103554,0,3025,0
19004,19,004,69,69,23609,15031,8578,95,16,198,14920,2963,11759,0,198,0
19007,19,007,24,24,8144,5465,2679,35,3,67,5427,1419,3941,0,67,0
19010,19,010,50,50,16324,10389,5935,92,19,137,10278,3794,6347,0,137,0
19013,19,013,55,55,18466,13986,4480,320,95,503,13571,4749,8319,0,503,0
19016,19,016,11,11,3577,2337,1240,11,1,33,2325,949,1343,0,33,0
19019,19,019,20,20,6388,4167,2221,47,14,57,4106,1231,2818,0,57,0
19022,19,022,78,78,26179,17619,8560,299,21,270,17299,7282,9747,0,270,0
19025,19,025,26,26,8835,6000,2835,58,10,71,5932,1349,4512,0,71,0
19028,19,028,22,22,6862,4291,2571,17,6,43,4268,871,3354,0,43,0
19031,19,031,13,13,3962,2643,1319,11,6,34,2626,665,1927,0,34,0
19034,19,034,179,179,61091,40563,20528,396,46,657,40121,13153,26311,0,657,0
19037,19,037,63,63,20740,13617,7123,136,22,184,13459,4054,9221,0,184,0
19040,19,040,44,44,14792,9350,5442,101,29,149,9220,2401,6670,0,149,0
19043,19,043,20,20,6401,4272,2129,49,9,78,4214,1568,2568,0,78,0
19044,19,044,68,68,22743,15228,7515,184,36,272,15008,6396,8340,0,272,0
19046,19,046,25,25,7907,5361,2546,32,12,55,5317,2340,2922,0,55,0
19047,19,047,38,38,12974,7912,5062,68,16,134,7828,2769,4925,0,134,0
19049,19,049,137,137,47132,29590,17542,267,85,478,29238,10074,18686,0,478,0
19050,19,050,16,16,5408,3357,2051,36,10,51,3311,1272,1988,0,51,0
19051,19,051,28,28,9138,6314,2824,33,9,98,6272,1073,5101,0,98,0
19052,19,052,17,17,5480,3866,1614,18,3,44,3845,692,3109,0,44,0
19055,19,055,67,67,22390,14331,8059,135,15,178,14181,5053,8950,0,178,0
19056,19,056,31,31,10372,6953,3419,95,14,134,6844,1940,4770,0,134,0
19058,19,058,31,31,10600,7026,3574,50,9,101,6967,1829,5037,0,101,0
19061,19,061,326,326,114211,73141,41070,596,93,1069,72452,28484,42899,0,1069,0
19064,19,064,60,60,20378,14086,6292,137,12,192,13937,6017,7728,0,192,0
19067,19,067,33,33,10860,7272,3588,24,6,89,7242,1377,5776,0,89,0
19070,19,070,84,84,27670,18108,9562,122,46,266,17940,6483,11191,0,266,0
19074,19,074,27,27,8908,5810,3098,26,2,89,5782,1101,4592,0,89,0
19076,19,076,48,48,16582,10751,5831,99,32,141,10620,2768,7711,0,141,0
19079,19,079,41,41,13183,8789,4394,52,8,134,8729,2171,6424,0,134,0
19082,19,082,34,34,11160,7554,3606,111,25,128,7418,2307,4983,0,128,0
19085,19,085,20,20,6800,4343,2457,23,7,42,4313,894,3377,0,42,0
19088,19,088,51,51,17287,11347,5940,84,13,151,11250,2662,8437,0,151,0
19091,19,091,22,22,6830,4514,2316,33,9,44,4472,2034,2394,0,44,0
19094,19,094,21,21,7131,5194,1937,53,6,73,5135,1761,3301,0,73,0
21001,21,001,1176,1176,408863,248462,160401,1432,123,3489,246907,145942,97476,0,3489,0
21008,21,008,35,35,11156,5978,5178,26,11,45,5941,4539,1357,0,45,0
21010,21,010,93,93,30598,15976,14622,89,18,131,15869,10482,5256,0,131,0
21012,21,012,73,73,24633,13734,10899,105,21,147,13608,6403,7058,0,147,0
21013,21,013,28,28,9175,4396,4779,17,7,25,4372,1782,2565,0,25,0
21015,21,015,47,47,15872,8997,6875,25,22,59,8950,3797,5094,0,59,0
21016,21,016,271,271,94405,53640,40765,353,39,654,53248,34984,17610,0,654,0
21020,21,020,37,37,12450,5986,6464,18,7,29,5961,3546,2386,0,29,0
21025,21,025,159,159,51967,27494,24473,120,40,181,27334,12209,14944,0,181,0
21028,21,028,44,44,14144,7947,6197,26,10,43,7911,3839,4029,0,43,0
21030,21,030,49,49,16758,8954,7804,48,11,74,8895,7069,1752,0,74,0
21031,21,031,167,167,59829,29562,30267,205,29,305,29328,15238,13785,0,305,0
21040,21,040,79,79,24667,12242,12425,28,17,67,12197,4512,7618,0,67,0
21042,21,042,52,52,17271,9671,7600,42,20,104,9609,3834,5671,0,104,0
21046,21,046,33,33,11054,5024,6030,15,9,10,5000,1792,3198,0,10,0
21048,21,048,35,35,10033,5784,4249,22,13,36,5749,2191,3522,0,36,0
21049,21,049,94,94,31109,16891,14218,91,30,141,16770,10012,6617,0,141,0
21052,21,052,131,131,44068,24503,19565,118,38,199,24347,14214,9934,0,199,0
21055,21,055,69,69,22817,11142,11675,95,20,94,11027,7164,3769,0,94,0
21058,21,058,26,26,7771,4525,3246,22,3,29,4500,3015,1456,0,29,0
21060,21,060,42,42,12701,6804,5897,29,12,58,6763,2648,4057,0,58,0
21067,21,067,25,25,8480,5139,3341,16,6,48,5117,2765,2304,0,48,0
21070,21,070,58,58,18164,9877,8287,20,17,60,9840,4055,5725,0,60,0
21073,21,073,32,32,9531,5315,4216,6,5,31,5304,2232,3041,0,31,0
21076,21,076,55,55,17898,10605,7293,37,10,75,10558,3115,7368,0,75,0
21078,21,078,29,29,9306,5181,4125,23,7,33,5151,2992,2126,0,33,0
21079,21,079,65,65,21932,10449,11483,82,16,74,10351,6651,3626,0,74,0
21085,21,085,40,40,12231,6557,5674,19,11,62,6527,3774,2691,0,62,0
21090,21,090,31,31,9272,5138,4134,5,15,33,5118,1618,3467,0,33,0
21095,21,095,153,153,51263,26852,24411,175,33,234,26644,20814,5596,0,234,0
23001,23,001,907,907,315437,239763,75674,1633,161,2678,237969,175744,59547,0,2678,0
23004,23,004,25,25,7492,5311,2181,66,8,95,5237,2322,2820,0,95,0
23007,23,007,20,20,6319,4874,1445,43,6,26,4825,3495,1304,0,26,0
23010,23,010,25,25,7091,4829,2262,14,1,41,4814,4003,770,0,41,0
23013,23,013,19,19,6071,4026,2045,47,5,69,3974,2366,1539,0,69,0
23016,23,016,92,92,24240,15071,9169,200,40,173,14831,13026,1632,0,173,0
23017,23,017,16,16,5343,3709,1634,57,6,79,3646,2399,1168,0,79,0
23019,23,019,60,60,18981,12419,6562,133,26,150,12260,6449,5661,0,150,0
23022,23,022,25,25,7150,4943,2207,105,18,89,4820,3647,1084,0,89,0
23025,23,025,35,35,9051,6558,2493,55,8,70,6495,4296,2129,0,70,0
23028,23,028,21,21,6451,4552,1899,18,3,35,4531,3005,1491,0,35,0
23031,23,031,35,35,11429,8196,3233,34,8,76,8154,6837,1241,0,76,0
23034,23,034,24,24,8200,5805,2395,40,10,40,5755,4472,1243,0,40,0
23037,23,037,80,80,26589,19868,6721,82,47,131,19739,16369,3239,0,131,0
23038,23,038,37,37,11645,8995,2650,55,15,80,8925,6679,2166,0,80,0
23039,23,039,27,27,7738,5752,1986,39,2,64,5711,5384,263,0,64,0
23040,23,040,25,25,7149,5104,2045,61,14,53,5029,4614,362,0,53,0
23041,23,041,60,60,17849,10718,7131,137,45,98,10536,9777,661,0,98,0
23043,23,043,37,37,12308,8324,3984,52,17,115,8255,5226,2914,0,115,0
23044,23,044,20,20,6011,4697,1314,53,9,58,4635,3446,1131,0,58,0
23046,23,046,36,36,11957,8990,2967,123,20,120,8847,5116,3611,0,120,0
23047,23,047,26,26,7051,4179,2872,22,4,24,4153,4009,120,0,24,0
23049,23,049,20,20,5987,4271,1716,16,5,20,4250,2724,1506,0,20,0
23052,23,052,45,45,14894,11744,3150,58,23,100,11663,9035,2528,0,100,0
23055,23,055,36,36,11112,8011,3101,51,5,64,7955,6428,1463,0,64,0
23058,23,058,16,16,5455,4015,1440,29,2,66,3984,2747,1171,0,66,0
23061,23,061,24,24,7583,5048,2535,29,13,38,5006,3808,1160,0,38,0
23064,23,064,25,25,6831,4922,1909,26,8,52,4888,3473,1363,0,52,0
23067,23,067,300,300,105954,68290,37664,666,112,718,67512,48510,18284,0,718,0
23073,23,073,46,46,14057,10520,3537,106,17,134,10397,7260,3003,0,134,0
23076,23,076,31,31,9601,7114,2487,53,11,66,7050,5182,1802,0,66,0
23077,23,077,13,13,4104,3095,1009,59,5,72,3031,1799,1160,0,72,0
23078,23,078,19,19,5890,3040,2850,8,6,27,3026,2798,201,0,27,0
23079,23,079,81,81,24138,16759,7379,311,50,247,16398,9487,6664,0,247,0
23080,23,080,30,30,8933,6655,2278,185,6,41,6464,6086,337,0,41,0
23082,23,082,30,30,8420,6190,2230,64,17,85,6109,4803,1221,0,85,0
23085,23,085,26,26,8065,6338,1727,148,14,116,6176,4811,1249,0,116,0
23088,23,088,31,31,7444,4854,2590,24,3,18,4827,4711,98,0,18,0
23091,23,091,22,22,6530,4622,1908,41,6,49,4575,3947,579,0,49,0
23094,23,094,27,27,7234,4160,3074,10,1,10,4149,4065,74,0,10,0
23095,23,095,53,53,16429,9009,7420,52,12,42,8945,8401,502,0,42,0
23096,23,096,16,16,5225,3970,1255,40,4,40,3926,2644,1242,0,40,0
23097,23,097,19,19,6043,4148,1895,36,9,64,4103,2557,1482,0,64,0
23098,23,098,42,42,12814,9737,3077,147,6,102,9584,9012,470,0,102,0
23100,23,100,36,36,10132,6839,3293,33,11,59,6795,4520,2216,0,59,0
23101,23,101,15,15,5140,3948,1192,22,5,28,3921,3535,358,0,28,0
23103,23,103,24,24,7775,5473,2302,29,7,52,5437,3852,1533,0,52,0
23106,23,106,46,46,15639,11223,4416,135,19,138,11069,6708,4223,0,138,0
23109,23,109,62,62,18749,11817,6932,70,56,81,11691,10043,1567,0,81,0
23112,23,112,38,38,10139,6627,3512,16,1,26,6610,6464,120,0,26,0
23115,23,115,81,81,22785,16897,5888,151,25,206,16721,14289,2226,0,206,0
23118,23,118,54,54,17371,12605,4766,134,20,128,12451,9121,3202,0,128,0
23120,23,120,20,20,6879,5079,1800,53,9,93,5017,2625,2299,0,93,0
23121,23,121,41,41,13557,9786,3771,204,26,144,9556,5970,3442,0,144,0
23123,23,123,19,19,5937,4101,1836,62,13,80,4026,1811,2135,0,80,0
23124,23,124,40,40,11899,8894,3005,169,19,157,8706,7442,1107,0,157,0
23125,23,125,29,29,8060,4988,3072,58,1,45,4929,4684,200,0,45,0
23127,23,127,29,29,8101,5809,2292,29,16,70,5764,5074,620,0,70,0
23130,23,130,19,19,5942,4375,1567,36,3,37,4336,3008,1291,0,37,0
23133,23,133,44,44,13880,10602,3278,49,53,95,10500,8728,1677,0,95,0
23136,23,136,36,36,10318,7257,3061,50,11,50,7196,5331,1815,0,50,0
23139,23,139,521,521,143672,86769,56903,917,146,756,85706,76219,8731,0,756,0
23142,23,142,115,115,36133,25415,10718,257,48,212,25110,20310,4588,0,212,0
23145,23,145,28,28,9162,6898,2264,68,11,69,6819,5136,1614,0,69,0
24001,24,001,1324,1324,463062,289316,173746,3250,366,5904,285700,124754,155042,0,5904,0
24008,24,008,35,35,10746,6460,4286,99,21,125,6340,1785,4430,0,125,0
24013,24,013,19,19,5890,3362,2528,59,11,58,3292,1242,1992,0,58,0
24021,24,021,69,69,22624,13039,9585,221,47,248,12771,3889,8634,0,248,0
24025,24,025,527,527,181405,113870,67535,1405,141,2316,112324,51929,58079,0,2316,0
24029,24,029,32,32,10843,6775,4068,104,13,149,6658,2070,4439,0,149,0
24038,24,038,20,20,6754,3886,2868,49,11,67,3826,1151,2608,0,67,0
24046,24,046,97,97,34065,18644,15421,286,31,359,18327,9833,8135,0,359,0
24054,24,054,48,48,15672,8958,6714,122,33,153,8803,3611,5039,0,153,0
24062,24,062,40,40,12754,8099,4655,100,29,104,7970,4783,3083,0,104,0
24070,24,070,37,37,12208,7518,4690,53,29,67,7436,5303,2066,0,67,0
24078,24,078,65,65,21596,13710,7886,311,64,299,13335,7940,5096,0,299,0
24086,24,086,201,201,69401,45252,24149,695,97,967,44460,17643,25850,0,967,0
24094,24,094,37,37,11809,6127,5682,91,37,121,5999,1691,4187,0,121,0
25001,25,001,1862,1860,650786,390453,260333,2463,246,5139,387744,76069,306536,2,5139,0
25004,25,004,87,87,25508,15866,9642,64,32,151,15770,2757,12862,0,151,0
25007,25,007,26,26,7816,5344,2472,22,4,51,5318,531,4736,0,51,0
25010,25,010,28,28,8657,5433,3224,21,11,53,5401,770,4578,0,53,0
25013,25,013,15,15,4553,2992,1561,20,4,24,2968,195,2749,0,24,0
25016,25,016,9,9,2687,1791,896,17,2,23,1772,225,1524,0,23,0
25019,25,019,28,28,7567,5145,2422,15,4,34,5126,456,4636,0,34,0
25022,25,022,55,55,16641,8064,8577,86,12,139,7966,4036,3791,0,139,0
25025,25,025,22,22,7113,4983,2130,29,13,58,4941,482,4401,0,58,0
25028,25,028,48,48,16039,10379,5660,75,10,127,10294,1851,8316,0,127,0
25031,25,031,30,30,9251,6076,3175,38,8,78,6030,660,5292,0,78,0
25034,25,034,22,22,6991,3302,3689,18,4,31,3280,374,2875,0,31,0
25036,25,036,51,51,16333,8233,8100,83,20,100,8130,6586,1444,0,100,0
25037,25,037,45,45,11409,6364,5045,40,10,53,6314,2179,4082,0,53,0
25038,25,038,77,77,25533,16044,9489,118,16,156,15910,2243,13511,0,156,0
25040,25,040,18,18,5772,3953,1819,6,9,28,3938,358,3552,0,28,0
25043,25,043,27,27,8288,4434,3854,45,6,54,4383,3043,1286,0,54,0
25046,25,046,16,16,5109,2082,3027,2,5,23,2075,86,1966,0,23,0
25049,25,049,17,17,5592,3519,2073,12,4,24,3503,371,3108,0,24,0
25051,25,051,36,36,10500,6350,4150,53,7,72,6290,1484,4734,0,72,0
25052,25,052,22,22,7125,3772,3353,13,5,39,3754,953,2762,0,39,0
25054,25,054,246,246,83857,47732,36125,297,25,620,47410,9298,37492,0,620,0
25055,25,055,11,11,3813,2712,1101,4,2,25,2706,141,2540,0,25,0
25058,25,058,10,10,3353,2423,930,10,7,25,2406,156,2225,0,25,0
25061,25,061,269,269,90395,61194,29201,462,60,845,60672,17477,42350,0,845,0
25064,25,064,145,145,49125,30872,18253,335,37,692,30500,10074,19734,0,692,0
25067,25,067,13,13,4537,3501,1036,29,6,60,3466,396,3010,0,60,0
25069,25,069,62,62,21306,4188,17118,21,6,33,4161,560,3568,0,33,0
25070,25,070,30,30,10042,3233,6809,16,3,26,3214,217,2971,0,26,0
25073,25,073,34,34,10114,6092,4022,21,10,68,6061,596,5397,0,68,0
25076,25,076,33,33,8620,5067,3553,31,5,56,5031,4409,566,0,56,0
25079,25,079,31,31,10193,5169,5024,23,5,41,5141,775,4325,0,41,0
25082,25,082,16,16,5249,2324,2925,9,1,16,2314,314,1984,0,16,0
25085,25,085,72,72,20495,11741,8754,67,22,108,11652,1313,10231,0,108,0
25088,25,088,16,16,4773,3377,1396,7,5,31,3365,154,3180,0,31,0
25091,25,091,40,40,12243,7176,5067,56,11,89,7109,6016,1004,0,89,0
25093,25,093,138,138,45677,21006,24671,258,47,432,20701,8204,12065,0,432,0
25094,25,094,43,43,13192,8608,4584,51,15,124,8542,1054,7364,0,124,0
25097,25,097,13,13,4121,2729,1392,13,3,21,2713,204,2488,0,21,0
25100,25,100,316,316,108675,49311,59364,255,32,522,49024,7085,41417,0,522,0
26001,26,001,806,806,281258,177378,103880,1923,183,3718,175272,68992,102562,0,3718,0
26005,26,005,8,8,2678,1694,984,16,2,29,1676,596,1051,0,29,0
26010,26,010,183,183,63233,39456,23777,622,63,789,38771,15386,22596,0,789,0
26020,26,020,75,75,24779,16326,8453,215,19,292,16092,5935,9865,0,292,0
26025,26,025,16,16,5596,3200,2396,43,4,51,3153,1389,1713,0,51,0
26030,26,030,34,34,11001,6679,4322,107,22,132,6550,1958,4460,0,132,0
26040,26,040,22,22,7313,4292,3021,73,14,58,4205,1373,2774,0,58,0
26050,26,050,91,91,30930,18662,12268,374,51,329,18237,9104,8804,0,329,0
26060,26,060,105,105,35223,19908,15315,458,56,401,19394,7813,11180,0,401,0
26070,26,070,18,18,5768,3313,2455,40,11,48,3262,1046,2168,0,48,0
26080,26,080,92,92,31044,17573,13471,260,58,295,17255,7233,9727,0,295,0
26090,26,090,21,21,6111,4022,2089,48,4,65,3970,1243,2662,0,65,0
27001,27,001,1523,1523,524202,356248,167954,2146,151,6205,353951,117895,229851,0,6205,0
27004,27,004,5,5,1523,1019,504,4,2,11,1013,144,858,0,11,0
27007,27,007,15,15,3617,2302,1315,12,5,17,2285,486,1782,0,17,0
27010,27,010,21,21,7181,5169,2012,33,8,60,5128,1022,4046,0,60,0
27013,27,013,80,80,27239,18344,8895,159,18,230,18167,6975,10962,0,230,0
27016,27,016,23,23,7939,6038,1901,26,10,113,6002,1496,4393,0,113,0
27019,27,019,566,566,188674,130339,58335,1385,98,1609,128856,83663,43584,0,1609,0
27022,27,022,16,16,4478,3001,1477,25,5,49,2971,646,2276,0,49,0
27025,27,025,34,34,8047,5053,2994,26,16,49,5011,1342,3620,0,49,0
27028,27,028,6,6,1835,1318,517,3,3,14,1312,143,1155,0,14,0
27031,27,031,6,6,1821,1314,507,9,0,18,1305,213,1074,0,18,0
27034,27,034,15,15,4989,3230,1759,11,6,34,3213,641,2538,0,34,0
27037,27,037,16,16,3676,2357,1319,7,1,26,2349,265,2058,0,26,0
27040,27,040,11,11,2163,1515,648,5,3,12,1507,217,1278,0,12,0
27043,27,043,19,19,5605,3757,1848,37,8,49,3712,622,3041,0,49,0
27045,27,045,94,94,29788,16878,12910,241,40,224,16597,5849,10524,0,224,0
27046,27,046,19,19,5259,3456,1803,22,6,51,3428,636,2741,0,51,0
27049,27,049,10,10,2867,2126,741,7,6,25,2113,214,1874,0,25,0
27052,27,052,10,10,3023,2030,993,16,2,26,2012,458,1528,0,26,0
27055,27,055,14,14,4327,3205,1122,10,6,21,3189,351,2817,0,21,0
27058,27,058,37,37,10784,8312,2472,49,10,107,8253,1938,6208,0,107,0
27061,27,061,32,32,10354,7253,3101,41,7,82,7205,1706,5417,0,82,0
27064,27,064,12,12,3469,2606,863,5,3,25,2598,339,2234,0,25,0
27067,27,067,8,8,2594,1786,808,5,2,23,1779,254,1502,0,23,0
27070,27,070,13,13,4342,2693,1649,27,2,40,2664,709,1915,0,40,0
27071,27,071,43,43,12560,8674,3886,54,14,96,8606,840,7670,0,96,0
27073,27,073,6,6,1635,1034,601,8,2,13,1024,116,895,0,13,0
27074,27,074,44,44,13298,8246,5052,91,10,90,8145,1675,6380,0,90,0
27075,27,075,18,18,3971,2293,1678,10,3,26,2280,408,1846,0,26,0
27076,27,076,7,7,2186,1608,578,9,1,8,1598,125,1465,0,8,0
27079,27,079,15,15,3503,2421,1082,13,2,26,2406,361,2019,0,26,0
27080,27,080,21,21,6115,3666,2449,12,6,38,3648,1060,2550,0,38,0
27082,27,082,655,655,224184,162946,61238,1125,71,2832,161750,53929,104989,0,2832,0
27085,27,085,14,14,2666,1901,765,4,0,10,1897,218,1669,0,10,0
27088,27,088,13,13,3492,2531,961,7,6,21,2518,384,2113,0,21,0
27091,27,091,397,397,133606,91535,42071,774,49,1569,90712,32286,56857,0,1569,0
27094,27,094,22,22,5634,3694,1940,22,5,38,3667,482,3147,0,38,0
27097,27,097,15,15,4290,3122,1168,10,2,27,3110,392,2691,0,27,0
27100,27,100,7,7,2046,1504,542,5,2,13,1497,148,1336,0,13,0
27103,27,103,13,13,4587,3020,1567,19,2,41,2999,994,1964,0,41,0
27106,27,106,13,13,4500,2646,1854,29,2,32,2615,857,1726,0,32,0
27109,27,109,8,8,2186,1577,609,11,2,21,1564,304,1239,0,21,0
27112,27,112,11,11,3408,2141,1267,19,2,26,2120,691,1403,0,26,0
27115,27,115,6,6,1488,1135,353,3,4,10,1128,118,1000,0,10,0
27118,27,118,14,14,4063,2537,1526,23,3,28,2511,330,2153,0,28,0
27119,27,119,18,18,5754,3736,2018,8,2,41,3726,512,3173,0,41,0
27120,27,120,35,35,10254,6283,3971,55,11,64,6217,1475,4678,0,64,0
27121,27,121,114,114,37400,25834,11566,178,18,362,25638,5789,19487,0,362,0
27124,27,124,33,33,10724,8062,2662,62,15,120,7985,1498,6367,0,120,0
27127,27,127,7,7,2302,1371,931,6,0,14,1365,158,1193,0,14,0
27130,27,130,52,52,16429,11251,5178,87,4,209,11160,3254,7697,0,209,0
27133,27,133,18,18,5312,3797,1515,21,3,35,3773,608,3130,0,35,0
27136,27,136,28,28,8321,5940,2381,63,7,76,5870,904,4890,0,76,0
27139,27,139,17,17,3914,2534,1380,12,1,18,2521,275,2228,0,18,0
27142,27,142,12,12,4070,2914,1156,5,4,27,2905,338,2540,0,27,0
27145,27,145,31,31,9963,6998,2965,42,8,90,6948,1295,5563,0,90,0
27148,27,148,14,14,3561,2316,1245,12,10,18,2294,279,1997,0,18,0
27151,27,151,6,6,1620,1150,470,8,2,4,1140,201,935,0,4,0
27154,27,154,8,8,2671,2011,660,8,3,32,2000,243,1725,0,32,0
27157,27,157,12,12,4028,3194,834,14,2,31,3178,465,2682,0,31,0
27160,27,160,408,408,134577,98362,36215,875,65,1590,97422,32641,63191,0,1590,0
27163,27,163,12,12,3985,3112,873,14,3,36,3095,703,2356,0,36,0
27166,27,166,44,44,13225,9047,4178,77,11,112,8959,2973,5874,0,112,0
27167,27,167,22,22,6703,3741,2962,43,9,45,3689,1443,2201,0,45,0
27169,27,169,84,84,26439,17329,9110,138,32,149,17159,10288,6722,0,149,0
27172,27,172,85,85,24677,15703,8974,164,29,237,15510,3554,11719,0,237,0
27174,27,174,74,74,25598,16664,8934,233,22,233,16409,6597,9579,0,233,0
27175,27,175,26,26,6626,4276,2350,40,12,50,4224,890,3284,0,50,0
27178,27,178,9,9,2958,1605,1353,3,1,8,1601,254,1339,0,8,0
27181,27,181,144,144,46902,34691,12211,218,24,530,34449,10758,23161,0,530,0
27184,27,184,7,7,2225,1406,819,8,0,15,1398,227,1156,0,15,0
27187,27,187,16,16,4502,3196,1306,21,2,41,3173,436,2696,0,41,0
27190,27,190,10,10,2184,1461,723,6,2,15,1453,280,1158,0,15,0
27193,27,193,80,80,25189,16284,8905,151,18,222,16115,3659,12234,0,222,0
27194,27,194,12,12,3375,2153,1222,7,3,30,2143,251,1862,0,30,0
27195,27,195,9,9,2374,1720,654,10,1,19,1709,246,1444,0,19,0
27196,27,196,22,22,6352,4504,1848,32,2,50,4470,983,3437,0,50,0
27199,27,199,74,74,25555,18118,7437,87,11,249,18020,4362,13409,0,249,0
27202,27,202,27,27,8714,5801,2913,45,7,73,5749,1003,4673,0,73,0
27205,27,205,22,22,5556,3417,2139,15,3,33,3399,560,2806,0,33,0
27208,27,208,13,13,3675,2486,1189,19,2,35,2465,451,1979,0,35,0
27211,27,211,18,18,5777,4116,1661,42,6,46,4068,638,3384,0,46,0
27217,27,217,17,17,5349,4199,1150,16,4,49,4179,864,3266,0,49,0
27219,27,219,5,5,1477,1082,395,7,0,15,1075,62,998,0,15,0
27220,27,220,52,52,16652,11393,5259,100,12,153,11281,3851,7277,0,153,0
27221,27,221,21,21,7350,5470,1880,36,6,83,5428,1003,4342,0,83,0
27223,27,223,25,25,8399,5847,2552,30,8,99,5809,1338,4372,0,99,0
28001,28,001,631,631,221269,146127,75142,892,155,1651,145080,89562,53867,0,1651,0
28010,28,010,31,31,10426,6087,4339,13,9,53,6065,3162,2850,0,53,0
28020,28,020,37,37,10513,6855,3658,17,12,47,6826,4603,2176,0,47,0
28030,28,030,27,27,8785,5522,3263,31,13,41,5478,3237,2200,0,41,0
28040,28,040,154,154,50627,34657,15970,153,46,298,34458,20984,13176,0,298,0
28041,28,041,47,47,15615,9883,5732,50,13,97,9820,5441,4282,0,97,0
28042,28,042,36,36,10045,6519,3526,13,12,32,6494,4401,2061,0,32,0
28045,28,045,17,17,5158,3124,2034,10,11,22,3103,1580,1501,0,22,0
28048,28,048,57,57,18668,11314,7354,45,30,146,11239,3635,7458,0,146,0
28049,28,049,51,51,15347,7872,7475,23,12,70,7837,2520,5247,0,70,0
28050,28,050,34,34,11216,7070,4146,34,8,65,7028,4528,2435,0,65,0
28055,28,055,62,62,20200,13841,6359,39,20,69,13782,9702,4011,0,69,0
28060,28,060,101,101,30173,17041,13132,48,37,145,16956,5209,11602,0,145,0
28080,28,080,50,50,15756,10479,5277,52,11,80,10416,6663,3673,0,80,0
28100,28,100,74,74,23345,14841,8504,60,17,72,14764,9372,5320,0,72,0
28120,28,120,43,43,13448,9131,4317,32,16,67,9083,5847,3169,0,67,0
28160,28,160,117,117,36533,24337,12196,145,45,203,24147,15913,8031,0,203,0
28180,28,180,73,73,21659,12868,8791,40,16,57,12812,6934,5821,0,57,0
28190,28,190,39,39,12284,8520,3764,21,5,77,8494,4925,3492,0,77,0
28200,28,200,146,146,48063,26681,21382,129,47,229,26505,15096,11180,0,229,0
28220,28,220,154,154,47066,22719,24347,92,39,141,22588,16242,6205,0,141,0
28240,28,240,52,52,17780,10961,6819,30,11,82,10920,5916,4922,0,82,0
28260,28,260,88,88,27811,16416,11395,110,19,154,16287,8324,7809,0,154,0
28280,28,280,78,78,21493,11465,10028,25,20,85,11420,4416,6919,0,85,0
28300,28,300,80,80,26275,16621,9654,87,14,103,16520,12643,3774,0,103,0
28320,28,320,68,68,21678,13824,7854,44,20,104,13760,8457,5199,0,104,0
29001,29,001,1366,1366,474707,325591,149116,3528,236,5425,321827,139933,176469,0,5425,0
29004,29,004,15,15,3744,2383,1361,21,3,27,2359,495,1837,0,27,0
29007,29,007,30,30,9155,5576,3579,43,13,57,5520,2376,3087,0,57,0
29010,29,010,22,22,6596,3903,2693,18,5,22,3880,1931,1927,0,22,0
29013,29,013,27,27,8737,4726,4011,25,17,57,4684,1208,3419,0,57,0
29016,29,016,33,33,10533,6370,4163,76,9,53,6285,3486,2746,0,53,0
29019,29,019,54,54,16727,8886,7841,58,19,103,8809,1936,6770,0,103,0
29022,29,022,51,51,17085,10069,7016,162,13,137,9894,3682,6075,0,137,0
29025,29,025,33,33,10551,6838,3713,71,11,104,6756,2094,4558,0,104,0
29028,29,028,18,18,5738,3399,2339,34,16,65,3349,760,2524,0,65,0
29031,29,031,29,29,8510,5655,2855,40,12,37,5603,2873,2693,0,37,0
29034,29,034,59,59,18820,11540,7280,58,43,62,11439,6285,5092,0,62,0
29037,29,037,24,24,7130,4292,2838,23,7,39,4262,919,3304,0,39,0
29040,29,040,122,122,41788,21949,19839,253,47,317,21649,8392,12940,0,317,0
29043,29,043,24,24,7145,4637,2508,38,17,60,4582,1135,3387,0,60,0
29046,29,046,181,181,62996,43118,19878,549,54,607,42515,17863,24045,0,607,0
29049,29,049,20,20,6311,3956,2355,45,16,47,3895,1507,2341,0,47,0
29052,29,052,59,59,20068,13387,6681,167,15,165,13205,5998,7042,0,165,0
29055,29,055,90,90,28491,16290,12201,239,48,308,16003,4840,10855,0,308,0
29058,29,058,83,83,26471,17066,9405,168,32,195,16866,5274,11397,0,195,0
29061,29,061,20,20,5720,3413,2307,32,4,34,3377,784,2559,0,34,0
29064,29,064,64,64,22411,13955,8456,148,10,161,13797,7002,6634,0,161,0
29067,29,067,29,29,9467,6034,3433,38,12,68,5984,2894,3022,0,68,0
29070,29,070,47,47,15583,9598,5985,130,13,85,9455,5179,4191,0,85,0
29073,29,073,102,102,34080,19872,14208,305,41,290,19526,10266,8970,0,290,0
29076,29,076,91,91,30400,18693,11707,286,32,294,18375,8037,10044,0,294,0
29079,29,079,99,99,32868,21196,11672,195,18,278,20983,6633,14072,0,278,0
29080,29,080,12,12,3744,1901,1843,17,3,19,1881,709,1153,0,19,0
29082,29,082,45,45,14847,8786,6061,62,18,62,8706,4839,3805,0,62,0
29085,29,085,80,80,23599,13623,9976,124,39,121,13460,5443,7896,0,121,0
29087,29,087,25,25,8607,5010,3597,33,6,58,4971,1611,3302,0,58,0
29088,29,088,18,18,5682,3608,2074,29,7,47,3572,1757,1768,0,47,0
29089,29,089,75,75,24559,12533,12026,149,48,240,12336,4935,7161,0,240,0
29091,29,091,26,26,7879,4815,3064,32,13,38,4770,1381,3351,0,38,0
29094,29,094,61,61,20378,13469,6909,115,21,141,13333,5979,7213,0,141,0
29097,29,097,58,58,18185,8154,10031,78,32,145,8044,2474,5425,0,145,0
29100,29,100,14,14,4407,2166,2241,19,4,32,2143,453,1658,0,32,0
29103,29,103,70,70,21600,11539,10061,109,25,149,11405,2632,8624,0,149,0
29105,29,105,38,38,13007,8324,4683,73,15,108,8236,2931,5197,0,108,0
29106,29,106,32,32,10723,5979,4744,48,11,62,5920,1497,4361,0,62,0
29109,29,109,42,42,12259,8267,3992,50,11,60,8206,1944,6202,0,60,0
29112,29,112,24,24,5728,3153,2575,29,4,38,3120,698,2384,0,38,0
29115,29,115,17,17,4811,3162,1649,27,8,25,3127,879,2223,0,25,0
29118,29,118,17,17,4824,3187,1637,14,3,24,3170,569,2577,0,24,0
29121,29,121,38,38,11870,7265,4605,57,13,55,7195,3103,4037,0,55,0
29124,29,124,25,25,7010,3749,3261,60,12,65,3677,1073,2539,0,65,0
29127,29,127,17,17,5150,3040,2110,14,7,23,3019,700,2296,0,23,0
31001,31,001,5158,5158,1839148,1151266,687882,6838,721,18494,1143707,682166,443047,0,18494,0
31004,31,004,38,38,12604,7123,5481,119,26,109,6978,3132,3737,0,109,0
31007,31,007,59,59,19976,12268,7708,87,11,151,12170,7533,4486,0,151,0
31010,31,010,64,64,18690,9524,9166,98,24,152,9402,3510,5740,0,152,0
31013,31,013,20,20,5755,3000,2755,31,7,41,2962,735,2186,0,41,0
31016,31,016,47,47,13234,7936,5298,73,17,99,7846,2934,4813,0,99,0
31019,31,019,690,690,233201,115778,117423,1079,193,776,114506,97881,15849,0,776,0
31022,31,022,339,339,109762,70568,39194,566,83,984,69919,44607,24328,0,984,0
31025,31,025,67,67,20937,13192,7745,106,14,145,13072,8893,4034,0,145,0
31028,31,028,88,88,27415,15299,12116,257,37,256,15005,5795,8954,0,256,0
31031,31,031,262,262,89247,59475,29772,546,39,730,58890,43650,14510,0,730,0
31034,31,034,353,353,122213,71139,51074,849,127,1265,70163,32058,36840,0,1265,0
31037,31,037,122,122,38323,22132,16191,229,54,292,21849,12098,9459,0,292,0
31040,31,040,54,54,15587,9578,6009,103,15,172,9460,4802,4486,0,172,0
31043,31,043,31,31,7643,4161,3482,61,9,78,4091,917,3096,0,78,0
31046,31,046,24,24,6468,3204,3264,41,14,59,3149,954,2136,0,59,0
31049,31,049,167,167,56109,34924,21185,261,34,334,34629,24978,9317,0,334,0
31052,31,052,38,38,10555,5858,4697,79,14,96,5765,2207,3462,0,96,0
31055,31,055,164,164,54892,35298,19594,296,43,360,34959,27141,7458,0,360,0
31058,31,058,59,59,19287,12236,7051,114,12,153,12110,6932,5025,0,153,0
31061,31,061,92,92,30395,20314,10081,145,24,162,20145,14854,5129,0,162,0
31064,31,064,382,382,132159,88747,43412,816,114,1352,87817,55757,30708,0,1352,0
31067,31,067,45,45,14324,8938,5386,66,15,112,8857,4823,3922,0,112,0
31070,31,070,86,86,28211,17383,10828,260,25,316,17098,5213,11569,0,316,0
31073,31,073,37,37,11566,6668,4898,56,12,90,6600,2252,4258,0,90,0
31076,31,076,35,35,10871,6039,4832,99,11,79,5929,3410,2440,0,79,0
31079,31,079,850,850,289345,177999,111346,1276,156,2859,176567,111031,62677,0,2859,0
31082,31,082,132,132,42523,26159,16364,243,39,270,25877,19477,6130,0,270,0
31085,31,085,53,53,16292,9203,7089,107,19,116,9077,4502,4459,0,116,0
31088,31,088,49,49,15993,9121,6872,87,16,125,9018,4175,4718,0,125,0
31091,31,091,106,106,31529,20792,10737,205,17,294,20570,8987,11289,0,294,0
31094,31,094,53,53,15255,9282,5973,81,11,110,9190,5420,3660,0,110,0
31097,31,097,119,119,37664,20958,16706,379,61,382,20518,9715,10421,0,382,0
31100,31,100,43,43,12816,6933,5883,94,12,97,6827,2088,4642,0,97,0
31103,31,103,56,56,16797,9614,7183,112,18,162,9484,3578,5744,0,162,0
31106,31,106,513,513,173667,105989,67678,1172,106,1745,104711,53789,49177,0,1745,0
31109,31,109,18,18,5383,2916,2467,41,9,32,2866,1359,1475,0,32,0
31112,31,112,32,32,7419,4158,3261,51,5,71,4102,1037,2994,0,71,0
31115,31,115,37,37,11456,7352,4104,31,7,63,7314,4631,2620,0,63,0
31118,31,118,51,51,15667,9545,6122,92,19,124,9434,5808,3502,0,124,0
31121,31,121,334,334,112799,72036,40763,426,60,788,71550,53074,17688,0,788,0
31124,31,124,120,120,40013,24492,15521,201,17,279,24274,16180,7815,0,279,0
40001,40,001,242,242,81993,38548,43445,386,75,681,38087,9519,27887,0,681,0
40005,40,005,120,120,39412,23074,16338,345,68,477,22661,8541,13643,0,477,0
40010,40,010,112,112,36419,17348,19071,295,47,423,17006,10195,6388,0,423,0
40015,40,015,11,11,3703,1714,1989,6,1,21,1707,395,1291,0,21,0
40017,40,017,42,42,13973,8046,5927,137,14,177,7895,5624,2094,0,177,0
40020,40,020,12,12,3906,1877,2029,8,4,26,1865,305,1534,0,26,0
40025,40,025,123,123,41399,23456,17943,396,58,475,23002,11841,10686,0,475,0
44001,44,001,400,400,137546,88897,48649,974,98,1537,87825,36346,49942,0,1537,0
44002,44,002,14,14,4517,2837,1680,37,10,62,2790,954,1774,0,62,0
44003,44,003,73,73,24852,17638,7214,335,148,680,17155,11527,4948,0,680,0
44004,44,004,26,26,8465,5087,3378,69,13,88,5005,1859,3058,0,88,0
44005,44,005,49,49,15988,10364,5624,152,29,272,10183,4225,5686,0,272,0
44006,44,006,34,34,11590,7635,3955,110,39,174,7486,3958,3354,0,174,0
44007,44,007,38,38,12574,8206,4368,93,23,170,8090,5131,2789,0,170,0
44009,44,009,60,60,19878,13428,6450,184,61,424,13183,6304,6455,0,424,0
44010,44,010,129,129,42016,31343,10673,537,133,979,30673,19074,10620,0,979,0
44012,44,012,23,23,7736,3727,4009,52,9,93,3666,1660,1913,0,93,0
44016,44,016,22,22,6745,3680,3065,52,10,72,3618,2020,1526,0,72,0
44017,44,017,14,14,3975,2276,1699,24,4,32,2248,629,1587,0,32,0
44020,44,020,34,34,10807,6424,4383,98,15,140,6311,2861,3310,0,140,0
44022,44,022,31,31,8884,4607,4277,39,20,102,4548,3398,1048,0,102,0
44024,44,024,18,18,6175,3246,2929,65,18,93,3163,1465,1605,0,93,0
44040,44,040,18,18,5670,2977,2693,60,6,63,2911,875,1973,0,63,0
46001,46,001,401,401,135269,98816,36453,1031,94,1672,97691,32592,63427,0,1672,0
46040,46,040,88,88,29666,22000,7666,386,33,375,21581,7166,14040,0,375,0
46120,46,120,6,6,1858,1300,558,8,0,20,1292,300,972,0,20,0
46320,46,320,33,33,7903,5318,2585,25,7,34,5286,1048,4204,0,34,0
46480,46,480,3,3,980,552,428,8,4,11,540,365,164,0,11,0
46520,46,520,40,40,12056,8170,3886,76,11,116,8083,2291,5676,0,116,0
46540,46,540,39,39,12634,9152,3482,129,16,162,9007,2501,6344,0,162,0
46560,46,560,27,27,6567,4689,1878,20,6,37,4663,692,3934,0,37,0
46640,46,640,29,29,8906,5708,3198,39,17,55,5652,1535,4062,0,55,0
46680,46,680,86,86,28280,19629,8651,144,30,241,19455,4039,15175,0,241,0
46700,46,700,26,26,8570,5982,2588,46,12,71,5924,1115,4738,0,71,0
46760,46,760,5,5,1216,929,287,5,1,11,923,248,664,0,11,0
46800,46,800,10,10,2812,2088,724,21,2,24,2065,472,1569,0,24,0
46815,46,815,6,6,1926,1235,691,4,4,24,1227,754,449,0,24,0
46830,46,830,24,24,6647,4753,1894,29,5,59,4719,709,3951,0,59,0
46840,46,840,18,18,4612,3113,1499,14,10,40,3089,565,2484,0,40,0
46850,46,850,60,60,20292,15411,4881,208,16,251,15187,4043,10893,0,251,0
46865,46,865,34,34,9930,6712,3218,53,18,68,6641,1166,5407,0,68,0
46880,46,880,85,85,28649,20721,7928,419,25,354,20277,6873,13050,0,354,0
48001,48,001,471,471,156388,85539,70849,667,155,1084,84717,50857,32776,0,1084,0
48002,48,002,65,65,22201,12044,10157,103,34,70,11907,8913,2924,0,70,0
48004,48,004,82,82,27356,15626,11730,59,8,100,15559,10839,4620,0,100,0
48005,48,005,74,74,24486,11453,13033,62,13,112,11378,7534,3732,0,112,0
48006,48,006,27,27,9208,5240,3968,31,2,40,5207,2711,2456,0,40,0
48007,48,007,99,99,32395,18996,13399,92,8,190,18896,12851,5855,0,190,0
48008,48,008,36,36,11585,6149,5436,30,6,61,6113,3491,2561,0,61,0
48009,48,009,48,48,16408,8881,7527,28,14,60,8839,6436,2343,0,60,0
48010,48,010,401,401,141996,62729,79267,484,118,747,62127,35313,26067,0,747,0
48011,48,011,190,190,63985,24216,39769,367,153,178,23696,16175,7343,0,178,0
48012,48,012,16,16,5367,3085,2282,15,5,24,3065,1793,1248,0,24,0
48013,48,013,114,114,36558,22336,14222,141,19,219,22176,9228,12729,0,219,0
48016,48,016,385,385,131218,37678,93540,719,246,318,36713,22343,14052,0,318,0
48018,48,018,28,28,9383,6239,3144,16,4,65,6219,3756,2398,0,65,0
48020,48,020,59,59,20312,11955,8357,109,11,121,11835,6317,5397,0,121,0
50001,50,001,84,84,27879,11772,16107,71,30,162,11671,6846,4663,0,162,0
50070,50,070,18,18,5484,2518,2966,8,7,15,2503,2294,194,0,15,0
50073,50,073,1,1,265,51,214,0,0,0,51,35,16,0,0,0
50078,50,078,1,1,211,70,141,0,0,1,70,28,41,0,1,0
50083,50,083,1,1,238,90,148,0,0,1,90,57,32,0,1,0
50087,50,087,4,4,624,278,346,1,1,4,276,164,108,0,4,0
50090,50,090,5,5,1274,341,933,2,1,0,338,130,208,0,0,0
50092,50,092,3,3,925,264,661,0,0,2,264,136,126,0,2,0
52001,52,001,1182,1182,405049,277846,127203,2541,151,4141,275154,103654,167359,0,4141,0
52005,52,005,229,229,78857,60038,18819,1439,49,1034,58550,21726,35790,0,1034,0
52006,52,006,19,19,5885,3934,1951,86,6,54,3842,1563,2225,0,54,0
52008,52,008,20,20,6452,4572,1880,58,8,67,4506,1361,3078,0,67,0
52010,52,010,40,40,13442,10262,3180,242,3,170,10017,3835,6012,0,170,0
52015,52,015,17,17,5858,4121,1737,22,4,51,4095,948,3096,0,51,0
52020,52,020,63,63,19932,14321,5611,155,11,237,14155,4811,9107,0,237,0
52025,52,025,7,7,1484,956,528,9,1,19,946,142,785,0,19,0
52027,52,027,20,20,6339,3907,2432,46,3,77,3858,1894,1887,0,77,0
52028,52,028,13,13,3930,2813,1117,33,2,36,2778,668,2074,0,36,0
52030,52,030,31,31,10056,6501,3555,84,5,90,6412,2261,4061,0,90,0
52035,52,035,175,175,60539,39274,21265,569,46,631,38659,14418,23610,0,631,0
52040,52,040,40,40,13923,10624,3299,164,8,143,10452,3028,7281,0,143,0
52041,52,041,37,37,12044,9130,2914,151,35,279,8944,5999,2666,0,279,0
52042,52,042,28,28,9032,5709,3323,79,17,100,5613,1783,3730,0,100,0
52043,52,043,174,174,57552,35756,21796,881,66,547,34809,18419,15843,0,547,0
52044,52,044,28,28,9371,6237,3134,90,16,124,6131,3460,2547,0,124,0
52045,52,045,81,81,26354,17160,9194,257,28,220,16875,6175,10480,0,220,0
52046,52,046,22,22,6175,3079,3096,50,13,41,3016,1535,1440,0,41,0
52047,52,047,22,22,7459,4331,3128,67,11,61,4253,1904,2288,0,61,0
52048,52,048,24,24,7290,4330,2960,43,3,45,4284,1431,2808,0,45,0
52049,52,049,30,30,9737,5949,3788,106,14,98,5829,3035,2696,0,98,0
52050,52,050,53,53,18511,12721,5790,72,8,182,12641,3992,8467,0,182,0
52055,52,055,31,31,9898,6688,3210,106,7,86,6575,2439,4050,0,86,0
52058,52,058,21,21,6385,4028,2357,45,5,60,3978,1678,2240,0,60,0
52059,52,059,7,7,1358,934,424,12,1,16,921,174,731,0,16,0
52060,52,060,59,59,19060,12620,6440,181,14,179,12425,4093,8153,0,179,0
52074,52,074,23,23,7620,6070,1550,48,4,74,6018,5325,619,0,74,0
52080,52,080,47,47,14441,8927,5514,165,24,165,8738,3942,4631,0,165,0
54001,54,001,150,150,48325,29293,19032,567,93,774,28633,12566,15293,0,774,0
54003,54,003,23,23,7262,3798,3464,55,16,82,3727,2092,1553,0,82,0
54007,54,007,33,33,10051,5564,4487,97,13,115,5454,1836,3503,0,115,0
54012,54,012,15,15,3666,1377,2289,14,5,19,1358,1010,329,0,19,0
56001,56,001,142,142,48943,21142,27801,72,31,500,21039,11223,9316,0,500,0
56004,56,004,14,14,4847,1849,2998,5,1,47,1843,1088,708,0,47,0
60001,60,001,134,134,45224,23465,21759,158,52,339,23255,13321,9595,0,339,0
60007,60,007,17,17,5172,2851,2321,14,20,29,2817,2139,649,0,29,0
60010,60,010,3,3,760,300,460,6,0,3,294,260,31,0,3,0
60013,60,013,4,4,1132,666,466,1,0,1,665,624,40,0,1,0
60016,60,016,4,4,1348,472,876,1,4,4,467,411,52,0,4,0
60017,60,017,1,1,75,32,43,0,0,0,32,32,0,0,0,0
60019,60,019,3,3,560,167,393,0,0,1,167,163,3,0,1,0
60021,60,021,2,2,572,201,371,0,1,2,200,158,40,0,2,0
60022,60,022,5,5,1607,621,986,8,1,24,612,456,132,0,24,0
60030,60,030,1,1,289,129,160,1,0,0,128,108,20,0,0,0
60040,60,040,2,2,535,199,336,0,0,0,199,177,22,0,0,0
64001,64,001,134,134,43380,30413,12967,194,33,312,30186,22666,7208,0,312,0
64002,64,002,160,160,53588,34014,19574,478,68,570,33468,25950,6948,0,570,0
64004,64,004,50,50,15722,6642,9080,61,26,89,6555,4068,2398,0,89,0
64007,64,007,14,14,4734,3327,1407,19,1,24,3307,2339,944,0,24,0
64013,64,013,15,15,4843,3448,1395,20,6,46,3422,2380,996,0,46,0
64016,64,016,19,19,6715,4376,2339,18,10,40,4348,3432,876,0,40,0
64018,64,018,51,51,15922,9670,6252,91,20,119,9559,8355,1085,0,119,0
64019,64,019,33,33,11358,8327,3031,43,11,93,8273,6304,1876,0,93,0
64023,64,023,98,98,31867,21439,10428,160,26,187,21253,18378,2688,0,187,0
64025,64,025,44,44,12863,7509,5354,85,15,126,7409,5473,1810,0,126,0
64026,64,026,34,34,10806,7414,3392,130,27,158,7257,5785,1314,0,158,0
64028,64,028,93,93,30448,19389,11059,122,29,222,19238,16832,2184,0,222,0
64030,64,030,64,64,21204,13967,7237,150,38,210,13779,9996,3573,0,210,0
68001,68,001,64,64,19993,9491,10502,32,28,112,9431,7498,1821,0,112,0
68004,68,004,6,6,1743,769,974,3,1,5,765,653,107,0,5,0
68010,68,010,2,2,186,102,84,0,0,0,102,80,22,0,0,0
68013,68,013,6,6,1253,582,671,2,1,2,579,561,16,0,2,0
68017,68,017,6,6,1876,468,1408,1,2,3,465,341,121,0,3,0
68022,68,022,4,4,1059,386,673,3,1,2,382,348,32,0,2,0
72001,72,001,66,66,21237,9559,11678,89,36,136,9434,3734,5564,0,136,0
72002,72,002,12,12,3457,1949,1508,11,0,22,1938,443,1473,0,22,0
72006,72,006,93,93,25298,10928,14370,46,36,59,10846,9186,1601,0,59,0
72008,72,008,26,26,7363,4018,3345,7,8,44,4003,911,3048,0,44,0
88115,88,115,8,8,76,44,32,0,0,1,44,22,21,0,1,0
88120,88,120,54,54,20898,12165,8733,18,0,290,12147,7900,3957,0,290,0
88130,88,130,7,7,22,7,15,0,0,1,7,4,2,0,1,0
88135,88,135,7,7,34,21,13,0,0,0,21,12,9,0,0,0
88140,88,140,11,11,2934,1271,1663,2,0,10,1269,341,918,0,10,0
88155,88,155,56,56,21438,10479,10959,21,1,190,10457,5550,4717,0,190,0
88160,88,160,23,23,7084,3753,3331,5,2,23,3746,901,2822,0,23,0
88165,88,165,72,72,32121,20602,11519,26,0,460,20576,11552,8564,0,460,0
88170,88,170,11,11,2853,1656,1197,0,0,45,1656,1086,525,0,45,0
88190,88,190,16,16,5054,2707,2347,4,1,70,2702,1515,1117,0,70,0
88215,88,215,10,10,1818,647,1171,2,0,8,645,146,491,0,8,0
88220,88,220,52,52,9264,4239,5025,5,0,71,4234,2274,1889,0,71,0
88250,88,250,219,219,73237,44040,29197,37,5,1074,43998,15988,26936,0,1074,0
88275,88,275,7,7,428,262,166,0,0,7,262,124,131,0,7,0
88285,88,285,27,27,11848,5875,5973,8,1,67,5866,1321,4478,0,67,0
88290,88,290,8,8,916,609,307,2,0,7,607,474,126,0,7,0
88305,88,305,112,112,45253,18632,26621,74,4,297,18554,8720,9537,0,297,0
88315,88,315,28,28,1288,730,558,0,0,17,730,308,405,0,17,0
88325,88,325,9,9,1078,668,410,0,1,17,667,420,230,0,17,0
88330,88,330,111,111,43357,9893,33464,64,25,113,9804,3229,6462,0,113,0
88335,88,335,8,8,453,171,282,0,0,4,171,58,109,0,4,0
88340,88,340,9,9,848,456,392,0,0,11,456,105,340,0,11,0
88350,88,350,20,20,4530,2682,1848,1,0,43,2681,607,2031,0,43,0
88355,88,355,696,696,307996,134638,173358,307,24,1936,134307,66945,65426,0,1936,0
88360,88,360,987,987,454262,223373,230889,158,31,2201,223184,41142,179841,0,2201,0
88370,88,370,7,7,185,102,83,0,0,5,102,43,54,0,5,0
88375,88,375,7,7,554,289,265,0,0,12,289,174,103,0,12,0
88380,88,380,81,81,26881,14798,12083,24,2,425,14772,9158,5189,0,425,0
88410,88,410,10,10,2307,1327,980,2,1,27,1324,208,1089,0,27,0
88430,88,430,7,7,24,18,6,0,0,1,18,9,8,0,1,0
88435,88,435,22,22,6554,3153,3401,2,0,86,3151,1608,1457,0,86,0
88440,88,440,8,8,780,325,455,1,0,4,324,62,258,0,4,0
88445,88,445,7,7,390,246,144,1,0,14,245,147,84,0,14,0
88455,88,455,7,7,95,32,63,0,0,6,32,14,12,0,6,0
88460,88,460,7,7,101,37,64,0,0,1,37,14,22,0,1,0
88465,88,465,74,74,23331,12215,11116,12,3,267,12200,4956,6977,0,267,0
88470,88,470,8,8,921,614,307,1,0,18,613,321,274,0,18,0
88490,88,490,11,11,2311,982,1329,3,1,7,978,120,851,0,7,0
88495,88,495,47,47,19729,8709,11020,19,1,178,8689,4408,4103,0,178,0
88500,88,500,8,8,346,129,217,0,0,1,129,38,90,0,1,0
88505,88,505,11,11,1459,531,928,0,1,17,530,238,275,0,17,0
88515,88,515,7,7,123,74,49,0,0,4,74,39,31,0,4,0
88535,88,535,9,9,1450,136,1314,1,0,6,135,37,92,0,6,0
88560,88,560,7,7,163,98,65,0,0,3,98,29,66,0,3,0
88580,88,580,7,7,72,43,29,0,0,2,43,21,20,0,2,0
88590,88,590,80,80,22026,12966,9060,7,1,258,12958,4032,8668,0,258,0
88620,88,620,7,7,287,118,169,0,0,1,118,27,90,0,1,0
88625,88,625,10,10,2334,1327,1007,3,0,51,1324,676,597,0,51,0
88635,88,635,8,8,1184,559,625,2,0,18,557,340,199,0,18,0
88655,88,655,87,87,29196,11479,17717,8,3,147,11468,2603,8718,0,147,0
88665,88,665,8,8,805,364,441,0,0,0,364,74,290,0,0,0
88670,88,670,28,28,9154,3478,5676,7,0,54,3471,851,2566,0,54,0
88675,88,675,14,14,3567,1053,2514,3,0,14,1050,694,342,0,14,0
88680,88,680,18,18,5340,3136,2204,7,0,69,3129,1620,1440,0,69,0
88683,88,683,11,11,2341,1220,1121,3,1,15,1216,351,850,0,15,0
88685,88,685,13,13,4022,2143,1879,0,0,32,2143,421,1690,0,32,0
88688,88,688,7,7,338,200,138,0,0,11,200,53,136,0,11,0
88690,88,690,7,7,84,41,43,0,0,1,41,26,14,0,1,0
88700,88,700,8,8,821,180,641,1,0,0,179,147,32,0,0,0
88745,88,745,8,8,216,104,112,0,0,1,104,36,67,0,1,0
88755,88,755,27,27,3748,1564,2184,1,1,28,1562,992,542,0,28,0
88760,88,760,21,21,9072,4584,4488,4,2,82,4578,2257,2239,0,82,0
88765,88,765,7,7,188,116,72,1,0,2,115,57,56,0,2,0
88770,88,770,14,14,441,246,195,0,0,5,246,153,88,0,5,0
88785,88,785,9,9,318,165,153,1,0,3,164,47,114,0,3,0
88805,88,805,9,9,1531,787,744,2,0,11,785,384,390,0,11,0
88815,88,815,349,349,180782,24787,155995,52,32,110,24703,4911,19682,0,110,0
,,,122020,122017,41421973,26345364,15076609,220763,29499,426848,26095102,12708712,12959542,3,,
,,,,,,,,,,,,,,,,
,,,,3,,,,,,,,,,,,
