codigo,dpto,mpio,mesas_reg,mesas_testigos,cepeda_reg,cepeda_testigos,delta_cepeda,espriella_reg,espriella_testigos,delta_espriella
01001,01,001,5329,5329,421839,421839,0,819285,819285,0
01004,01,004,48,48,1407,1407,0,7216,7216,0
01007,01,007,7,7,170,170,0,1011,1011,0
01010,01,010,14,14,504,504,0,2450,2450,0
01013,01,013,74,74,5478,5478,0,8746,8746,0
01016,01,016,56,56,2147,2147,0,6352,6352,0
01019,01,019,111,111,3773,3773,0,15574,15574,0
01022,01,022,19,19,835,835,0,2365,2365,0
01025,01,025,28,28,1907,1907,0,3959,3959,0
01028,01,028,43,43,3849,3849,0,2820,2820,0
01031,01,031,75,75,4482,4482,0,8535,8535,0
01034,01,034,20,20,582,582,0,2837,2837,0
01035,01,035,323,323,41593,41593,0,19891,19891,0
01037,01,037,72,72,5318,5318,0,6990,6990,0
01039,01,039,23,23,444,444,0,3006,3006,0
01040,01,040,14,14,544,544,0,1923,1923,0
01043,01,043,138,138,9313,9313,0,15604,15604,0
01046,01,046,19,19,516,516,0,2509,2509,0
01049,01,049,1043,1043,87019,87019,0,144162,144162,0
01052,01,052,25,25,704,704,0,3415,3415,0
01055,01,055,42,42,858,858,0,5607,5607,0
01058,01,058,71,71,2358,2358,0,10287,10287,0
01061,01,061,27,27,1469,1469,0,2713,2713,0
01062,01,062,23,23,761,761,0,1588,1588,0
01064,01,064,64,64,5764,5764,0,2806,2806,0
01067,01,067,21,21,765,765,0,2788,2788,0
01070,01,070,213,213,18478,18478,0,28848,28848,0
01073,01,073,22,22,2136,2136,0,2227,2227,0
01076,01,076,43,43,1483,1483,0,6839,6839,0
01078,01,078,16,16,597,597,0,1658,1658,0
01079,01,079,16,16,576,576,0,2152,2152,0
01080,01,080,149,149,16044,16044,0,9119,9119,0
01082,01,082,141,141,10601,10601,0,23928,23928,0
01085,01,085,13,13,672,672,0,1883,1883,0
01088,01,088,232,232,24556,24556,0,17048,17048,0
01091,01,091,37,37,2267,2267,0,4575,4575,0
01094,01,094,46,46,1360,1360,0,7935,7935,0
01097,01,097,13,13,372,372,0,2546,2546,0
01100,01,100,49,49,1298,1298,0,6379,6379,0
01103,01,103,227,227,18110,18110,0,28709,28709,0
01106,01,106,155,155,17140,17140,0,10458,10458,0
01109,01,109,64,64,4544,4544,0,5194,5194,0
01112,01,112,55,55,1841,1841,0,8160,8160,0
01115,01,115,35,35,1206,1206,0,5020,5020,0
01117,01,117,124,124,10709,10709,0,7847,7847,0
01118,01,118,28,28,1154,1154,0,4749,4749,0
01121,01,121,711,711,35667,35667,0,126432,126432,0
01124,01,124,57,57,2890,2890,0,6770,6770,0
01127,01,127,58,58,3352,3352,0,4832,4832,0
01130,01,130,17,17,1336,1336,0,1902,1902,0
01133,01,133,165,165,11805,11805,0,20635,20635,0
01136,01,136,27,27,968,968,0,4070,4070,0
01139,01,139,30,30,857,857,0,5316,5316,0
01140,01,140,19,19,1804,1804,0,1683,1683,0
01142,01,142,135,135,8833,8833,0,23505,23505,0
01145,01,145,24,24,1147,1147,0,4816,4816,0
01148,01,148,19,19,791,791,0,2438,2438,0
01150,01,150,16,16,651,651,0,2242,2242,0
01151,01,151,737,737,55270,55270,0,109001,109001,0
01154,01,154,59,59,2499,2499,0,3067,3067,0
01157,01,157,39,39,2594,2594,0,6478,6478,0
01160,01,160,34,34,1637,1637,0,5634,5634,0
01163,01,163,181,181,12236,12236,0,33830,33830,0
01166,01,166,197,197,14566,14566,0,28378,28378,0
01168,01,168,38,38,3299,3299,0,3302,3302,0
01169,01,169,60,60,3632,3632,0,10805,10805,0
01170,01,170,22,22,1504,1504,0,2715,2715,0
01172,01,172,30,30,965,965,0,4466,4466,0
01175,01,175,27,27,1192,1192,0,3650,3650,0
01178,01,178,156,156,10033,10033,0,28755,28755,0
01181,01,181,20,20,854,854,0,2782,2782,0
01184,01,184,13,13,1994,1994,0,131,131,0
01187,01,187,48,48,4329,4329,0,2879,2879,0
01190,01,190,29,29,416,416,0,3833,3833,0
01191,01,191,66,66,3641,3641,0,5096,5096,0
01192,01,192,119,119,8144,8144,0,11647,11647,0
01193,01,193,10,10,374,374,0,1438,1438,0
01196,01,196,54,54,2168,2168,0,10194,10194,0
01199,01,199,22,22,1169,1169,0,2264,2264,0
01202,01,202,21,21,760,760,0,3350,3350,0
01205,01,205,107,107,7237,7237,0,9100,9100,0
01206,01,206,47,47,2523,2523,0,6025,6025,0
01208,01,208,72,72,6285,6285,0,4312,4312,0
01211,01,211,67,67,3019,3019,0,14610,14610,0
01214,01,214,392,392,24993,24993,0,74165,74165,0
01217,01,217,24,24,788,788,0,3410,3410,0
01218,01,218,289,289,17612,17612,0,52751,52751,0
01220,01,220,43,43,724,724,0,6243,6243,0
01223,01,223,21,21,677,677,0,1828,1828,0
01226,01,226,48,48,1937,1937,0,7152,7152,0
01227,01,227,19,19,591,591,0,2561,2561,0
01229,01,229,42,42,1882,1882,0,6172,6172,0
01230,01,230,10,10,307,307,0,1358,1358,0
01231,01,231,64,64,4318,4318,0,5803,5803,0
01232,01,232,38,38,1404,1404,0,5866,5866,0
01235,01,235,71,71,3272,3272,0,12054,12054,0
01237,01,237,90,90,3782,3782,0,10061,10061,0
01238,01,238,41,41,1845,1845,0,6167,6167,0
01241,01,241,50,50,1800,1800,0,7385,7385,0
01244,01,244,54,54,1877,1877,0,10278,10278,0
01247,01,247,69,69,3810,3810,0,8662,8662,0
01250,01,250,91,91,3677,3677,0,13415,13415,0
01253,01,253,32,32,1164,1164,0,4516,4516,0
01256,01,256,91,91,3195,3195,0,19355,19355,0
01259,01,259,99,99,10036,10036,0,4826,4826,0
01262,01,262,95,95,2589,2589,0,14596,14596,0
01265,01,265,43,43,2359,2359,0,5732,5732,0
01268,01,268,45,45,2753,2753,0,6343,6343,0
01270,01,270,75,75,5938,5938,0,3029,3029,0
01271,01,271,18,18,1010,1010,0,2212,2212,0
01274,01,274,27,27,1161,1161,0,3204,3204,0
01277,01,277,14,14,646,646,0,1331,1331,0
01280,01,280,299,299,35181,35181,0,17449,17449,0
01282,01,282,21,21,913,913,0,2509,2509,0
01283,01,283,78,78,2895,2895,0,8951,8951,0
01286,01,286,37,37,2394,2394,0,2183,2183,0
01289,01,289,17,17,1098,1098,0,2273,2273,0
01290,01,290,37,37,1203,1203,0,4600,4600,0
01291,01,291,25,25,2493,2493,0,522,522,0
01292,01,292,35,35,1373,1373,0,4928,4928,0
01293,01,293,20,20,727,727,0,2265,2265,0
01295,01,295,108,108,4985,4985,0,12617,12617,0
01298,01,298,53,53,2071,2071,0,6166,6166,0
01300,01,300,50,50,4941,4941,0,5186,5186,0
01301,01,301,66,66,5276,5276,0,3614,3614,0
03001,03,001,3434,3434,375178,375178,0,309652,309652,0
03004,03,004,158,158,23514,23514,0,11462,11462,0
03007,03,007,70,70,4448,4448,0,6764,6764,0
03010,03,010,44,44,3132,3132,0,4579,4579,0
03013,03,013,134,134,19739,19739,0,7774,7774,0
03016,03,016,58,58,4980,4980,0,6644,6644,0
03019,03,019,77,77,6915,6915,0,6599,6599,0
03022,03,022,274,274,40114,40114,0,14368,14368,0
03025,03,025,49,49,2755,2755,0,4995,4995,0
03028,03,028,68,68,10125,10125,0,4711,4711,0
03031,03,031,19,19,1883,1883,0,1709,1709,0
03034,03,034,44,44,7171,7171,0,2610,2610,0
03035,03,035,63,63,6437,6437,0,5111,5111,0
03037,03,037,117,117,15357,15357,0,9728,9728,0
03040,03,040,67,67,6553,6553,0,5447,5447,0
03043,03,043,77,77,10689,10689,0,5535,5535,0
03046,03,046,224,224,32762,32762,0,15432,15432,0
03047,03,047,39,39,2182,2182,0,4550,4550,0
03049,03,049,80,80,11140,11140,0,5482,5482,0
03052,03,052,1000,1000,136134,136134,0,63916,63916,0
03055,03,055,34,34,2216,2216,0,3672,3672,0
03058,03,058,34,34,4890,4890,0,2552,2552,0
03061,03,061,26,26,4089,4089,0,1799,1799,0
05001,05,001,2518,2517,324123,324123,0,166049,166049,0
05004,05,004,63,63,2866,2866,0,7061,7061,0
05005,05,005,24,24,2292,2292,0,1441,1441,0
05006,05,006,26,26,1478,1478,0,2556,2556,0
05007,05,007,171,171,23546,23546,0,9366,9366,0
05009,05,009,33,33,1324,1324,0,3525,3525,0
05010,05,010,40,40,2518,2518,0,3956,3956,0
05013,05,013,62,62,4619,4619,0,5847,5847,0
05014,05,014,26,26,3271,3271,0,2041,2041,0
05015,05,015,36,36,3631,3631,0,2513,2513,0
05016,05,016,49,49,5131,5131,0,3659,3659,0
05018,05,018,39,39,4639,4639,0,2530,2530,0
05022,05,022,190,190,13045,13045,0,19367,19367,0
05025,05,025,27,27,2016,2016,0,2560,2560,0
05026,05,026,39,39,1994,1994,0,4283,4283,0
05027,05,027,24,24,1580,1580,0,1811,1811,0
05028,05,028,315,315,34408,34408,0,20048,20048,0
05031,05,031,68,68,6164,6164,0,5172,5172,0
05037,05,037,35,35,1603,1603,0,3466,3466,0
05040,05,040,138,138,14766,14766,0,6184,6184,0
05041,05,041,37,37,2558,2558,0,2085,2085,0
05043,05,043,127,127,10744,10744,0,10185,10185,0
05044,05,044,43,43,2778,2778,0,5325,5325,0
05050,05,050,21,21,1788,1788,0,901,901,0
05059,05,059,66,66,2796,2796,0,6479,6479,0
05063,05,063,20,20,1639,1639,0,1362,1362,0
05065,05,065,24,24,1702,1702,0,2249,2249,0
05070,05,070,48,48,4260,4260,0,5070,5070,0
05072,05,072,24,24,3039,3039,0,1786,1786,0
05073,05,073,35,35,2129,2129,0,2636,2636,0
05076,05,076,68,68,6493,6493,0,6710,6710,0
05078,05,078,24,24,1345,1345,0,2432,2432,0
05079,05,079,98,98,7728,7728,0,9941,9941,0
05082,05,082,40,40,3315,3315,0,3446,3446,0
05084,05,084,65,65,6645,6645,0,4809,4809,0
05091,05,091,43,43,5675,5675,0,1857,1857,0
05094,05,094,50,50,7292,7292,0,2374,2374,0
05095,05,095,87,87,3773,3773,0,12161,12161,0
05097,05,097,50,50,2842,2842,0,4933,4933,0
05106,05,106,26,26,4575,4575,0,1298,1298,0
05110,05,110,34,34,2501,2501,0,3599,3599,0
05113,05,113,51,51,3264,3264,0,3518,3518,0
05118,05,118,220,220,30272,30272,0,14803,14803,0
05121,05,121,50,50,7877,7877,0,2665,2665,0
05124,05,124,52,52,5216,5216,0,4044,4044,0
05127,05,127,29,29,4610,4610,0,1355,1355,0
07001,07,001,404,404,57709,57709,0,47609,47609,0
07007,07,007,6,6,315,315,0,818,818,0
07008,07,008,45,45,1760,1760,0,7053,7053,0
07010,07,010,15,15,1259,1259,0,2388,2388,0
07013,07,013,21,21,1594,1594,0,3281,3281,0
07016,07,016,5,5,431,431,0,575,575,0
07019,07,019,7,7,466,466,0,891,891,0
07022,07,022,15,15,702,702,0,2187,2187,0
07025,07,025,13,13,890,890,0,2199,2199,0
07028,07,028,7,7,257,257,0,1349,1349,0
07031,07,031,16,16,622,622,0,2780,2780,0
07034,07,034,3,3,194,194,0,546,546,0
07037,07,037,12,12,574,574,0,1613,1613,0
07040,07,040,9,9,253,253,0,1339,1339,0
07043,07,043,11,11,1055,1055,0,1461,1461,0
07046,07,046,11,11,377,377,0,2451,2451,0
07049,07,049,30,30,2873,2873,0,3938,3938,0
07052,07,052,12,12,276,276,0,1791,1791,0
07055,07,055,7,7,659,659,0,1139,1139,0
07058,07,058,12,12,250,250,0,1826,1826,0
07059,07,059,22,22,2300,2300,0,1288,1288,0
07060,07,060,10,10,1091,1091,0,1398,1398,0
07061,07,061,6,6,354,354,0,867,867,0
07064,07,064,10,10,468,468,0,1646,1646,0
07067,07,067,132,132,11739,11739,0,18637,18637,0
07068,07,068,15,15,904,904,0,2172,2172,0
07070,07,070,11,11,265,265,0,1498,1498,0
07073,07,073,23,23,612,612,0,2967,2967,0
07076,07,076,18,18,546,546,0,2955,2955,0
07077,07,077,10,10,928,928,0,1563,1563,0
07078,07,078,7,7,152,152,0,1091,1091,0
07079,07,079,283,283,35416,35416,0,36015,36015,0
07082,07,082,11,11,384,384,0,1622,1622,0
07085,07,085,8,8,196,196,0,1258,1258,0
07088,07,088,19,19,1860,1860,0,2071,2071,0
07091,07,091,11,11,575,575,0,2002,2002,0
07094,07,094,9,9,481,481,0,1568,1568,0
07097,07,097,13,13,520,520,0,2328,2328,0
07100,07,100,38,38,3271,3271,0,5345,5345,0
07103,07,103,5,5,208,208,0,763,763,0
07106,07,106,27,27,2380,2380,0,3778,3778,0
07109,07,109,11,11,485,485,0,2247,2247,0
07112,07,112,12,12,756,756,0,1063,1063,0
07118,07,118,7,7,534,534,0,1041,1041,0
07121,07,121,19,19,1323,1323,0,3093,3093,0
07124,07,124,12,12,198,198,0,1865,1865,0
07127,07,127,10,10,397,397,0,1870,1870,0
07130,07,130,7,7,431,431,0,1302,1302,0
07136,07,136,9,9,247,247,0,1326,1326,0
07137,07,137,6,6,204,204,0,680,680,0
07139,07,139,41,41,4000,4000,0,6434,6434,0
07142,07,142,13,13,514,514,0,1901,1901,0
07148,07,148,19,19,450,450,0,3020,3020,0
07151,07,151,23,23,2332,2332,0,3048,3048,0
07154,07,154,13,13,474,474,0,2657,2657,0
07157,07,157,12,12,962,962,0,1998,1998,0
07160,07,160,58,58,4714,4714,0,8875,8875,0
07161,07,161,18,18,1921,1921,0,2262,2262,0
07163,07,163,24,24,1422,1422,0,3005,3005,0
07166,07,166,40,40,6641,6641,0,3984,3984,0
07169,07,169,14,14,1083,1083,0,2423,2423,0
07173,07,173,9,9,901,901,0,1196,1196,0
07176,07,176,27,27,919,919,0,3850,3850,0
07178,07,178,6,6,285,285,0,1099,1099,0
07179,07,179,8,8,305,305,0,1457,1457,0
07181,07,181,90,90,10275,10275,0,12342,12342,0
07184,07,184,6,6,344,344,0,864,864,0
07187,07,187,5,5,179,179,0,770,770,0
07190,07,190,22,22,1045,1045,0,3324,3324,0
07193,07,193,6,6,174,174,0,1007,1007,0
07199,07,199,13,13,1433,1433,0,1134,1134,0
07202,07,202,20,20,952,952,0,3215,3215,0
07205,07,205,4,4,159,159,0,667,667,0
07214,07,214,119,119,10046,10046,0,14527,14527,0
07215,07,215,17,17,544,544,0,2236,2236,0
07217,07,217,29,29,1936,1936,0,4634,4634,0
07220,07,220,17,17,1151,1151,0,2884,2884,0
07223,07,223,7,7,354,354,0,1188,1188,0
07226,07,226,35,35,2149,2149,0,5118,5118,0
07232,07,232,13,13,1021,1021,0,2313,2313,0
07235,07,235,47,47,3497,3497,0,7955,7955,0
07237,07,237,5,5,333,333,0,711,711,0
07238,07,238,18,18,677,677,0,2779,2779,0
07241,07,241,15,15,372,372,0,2451,2451,0
07247,07,247,11,11,280,280,0,1881,1881,0
07248,07,248,9,9,517,517,0,1498,1498,0
07249,07,249,20,20,612,612,0,3257,3257,0
07250,07,250,21,21,1126,1126,0,3320,3320,0
07251,07,251,11,11,776,776,0,1282,1282,0
07253,07,253,27,27,2274,2274,0,4330,4330,0
07256,07,256,10,10,399,399,0,1875,1875,0
07259,07,259,8,8,222,222,0,1314,1314,0
07262,07,262,4,4,190,190,0,582,582,0
07265,07,265,18,18,1171,1171,0,3129,3129,0
07268,07,268,22,22,1686,1686,0,3541,3541,0
07271,07,271,20,20,728,728,0,2837,2837,0
07274,07,274,22,22,1469,1469,0,2853,2853,0
07277,07,277,286,286,35358,35358,0,38009,38009,0
07280,07,280,9,9,509,509,0,1382,1382,0
07281,07,281,9,9,797,797,0,1352,1352,0
07282,07,282,19,19,1643,1643,0,2893,2893,0
07283,07,283,19,19,1494,1494,0,3133,3133,0
07286,07,286,9,9,286,286,0,1287,1287,0
07289,07,289,18,18,1256,1256,0,3316,3316,0
07292,07,292,12,12,836,836,0,1895,1895,0
07298,07,298,14,14,1023,1023,0,2227,2227,0
07301,07,301,11,11,669,669,0,1797,1797,0
07304,07,304,23,23,1271,1271,0,3652,3652,0
07307,07,307,30,30,3676,3676,0,3795,3795,0
07310,07,310,9,9,858,858,0,1526,1526,0
07311,07,311,11,11,484,484,0,1747,1747,0
07313,07,313,23,23,2014,2014,0,3567,3567,0
07316,07,316,13,13,556,556,0,2129,2129,0
07319,07,319,11,11,716,716,0,1853,1853,0
07322,07,322,14,14,617,617,0,2202,2202,0
07324,07,324,5,5,279,279,0,775,775,0
07325,07,325,17,17,1199,1199,0,2656,2656,0
07328,07,328,25,25,2559,2559,0,3639,3639,0
07331,07,331,7,7,433,433,0,1031,1031,0
07334,07,334,17,17,798,798,0,3294,3294,0
07337,07,337,35,35,2968,2968,0,5031,5031,0
07340,07,340,8,8,325,325,0,1452,1452,0
07346,07,346,14,14,820,820,0,2337,2337,0
09001,09,001,1013,1013,103619,103619,0,128762,128762,0
09004,09,004,59,59,2232,2232,0,9417,9417,0
09007,09,007,92,92,5312,5312,0,11553,11553,0
09013,09,013,37,37,1156,1156,0,4905,4905,0
09022,09,022,31,31,1976,1976,0,3564,3564,0
09034,09,034,140,140,11820,11820,0,16190,16190,0
09037,09,037,30,30,1161,1161,0,3909,3909,0
09049,09,049,170,170,14956,14956,0,17285,17285,0
09052,09,052,19,19,896,896,0,2127,2127,0
09055,09,055,48,48,1799,1799,0,6580,6580,0
09058,09,058,26,26,1704,1704,0,1992,1992,0
09061,09,061,37,37,1438,1438,0,5420,5420,0
09067,09,067,9,9,219,219,0,1001,1001,0
09076,09,076,60,60,3516,3516,0,7790,7790,0
09078,09,078,21,21,1222,1222,0,2112,2112,0
09079,09,079,40,40,1344,1344,0,5766,5766,0
09082,09,082,44,44,3337,3337,0,4846,4846,0
09085,09,085,53,53,2237,2237,0,6903,6903,0
09103,09,103,125,125,12182,12182,0,13483,13483,0
09106,09,106,32,32,1593,1593,0,4096,4096,0
09109,09,109,45,45,2327,2327,0,5713,5713,0
09115,09,115,54,54,2155,2155,0,7278,7278,0
09120,09,120,16,16,925,925,0,1912,1912,0
09124,09,124,74,74,5780,5780,0,7518,7518,0
09127,09,127,26,26,1492,1492,0,3313,3313,0
09130,09,130,147,147,15021,15021,0,17700,17700,0
09133,09,133,44,44,2285,2285,0,5600,5600,0
11001,11,001,785,785,128296,128296,0,66470,66470,0
11004,11,004,43,43,9035,9035,0,413,413,0
11005,11,005,73,73,15849,15849,0,1338,1338,0
11006,11,006,55,55,12408,12408,0,1662,1662,0
11007,11,007,122,122,19406,19406,0,1554,1554,0
11010,11,010,61,61,8688,8688,0,4316,4316,0
11013,11,013,83,83,13051,13051,0,5898,5898,0
11016,11,016,81,81,17364,17364,0,2492,2492,0
11019,11,019,68,68,13217,13217,0,2966,2966,0
11022,11,022,59,59,12017,12017,0,2457,2457,0
11025,11,025,145,145,22753,22753,0,7713,7713,0
11027,11,027,16,16,2925,2925,0,813,813,0
11028,11,028,71,71,10097,10097,0,591,591,0
11029,11,029,47,47,9076,9076,0,1691,1691,0
11031,11,031,65,65,10734,10734,0,2578,2578,0
11034,11,034,33,33,8766,8766,0,200,200,0
11037,11,037,29,29,4286,4286,0,2003,2003,0
11040,11,040,53,53,8123,8123,0,1771,1771,0
11043,11,043,61,61,7871,7871,0,549,549,0
11046,11,046,48,48,7867,7867,0,1366,1366,0
11049,11,049,70,70,12996,12996,0,3072,3072,0
11052,11,052,75,75,12333,12333,0,4747,4747,0
11053,11,053,24,24,3659,3659,0,871,871,0
11055,11,055,82,82,13475,13475,0,2240,2240,0
11058,11,058,95,95,15757,15757,0,4244,4244,0
11060,11,060,26,26,2472,2472,0,1112,1112,0
11061,11,061,102,102,13317,13317,0,8004,8004,0
11064,11,064,104,104,20345,20345,0,3063,3063,0
11067,11,067,31,31,5077,5077,0,1724,1724,0
11070,11,070,28,28,3860,3860,0,2045,2045,0
11073,11,073,24,24,3823,3823,0,852,852,0
11076,11,076,250,250,45798,45798,0,15831,15831,0
11079,11,079,18,18,1845,1845,0,724,724,0
11082,11,082,80,80,13726,13726,0,3012,3012,0
11085,11,085,29,29,3633,3633,0,1528,1528,0
11086,11,086,22,22,4178,4178,0,280,280,0
11087,11,087,62,62,9318,9318,0,3751,3751,0
11088,11,088,89,89,13067,13067,0,7362,7362,0
11091,11,091,60,60,10101,10101,0,254,254,0
11094,11,094,67,67,16826,16826,0,1001,1001,0
11097,11,097,45,45,8488,8488,0,1148,1148,0
11098,11,098,46,46,9556,9556,0,1195,1195,0
12001,12,001,996,996,111694,111694,0,98277,98277,0
12075,12,075,237,237,17595,17595,0,31013,31013,0
12150,12,150,155,155,17897,17897,0,12009,12009,0
12170,12,170,51,51,4422,4422,0,5624,5624,0
12180,12,180,60,60,6965,6965,0,4109,4109,0
12200,12,200,97,97,11165,11165,0,7603,7603,0
12225,12,225,96,96,9840,9840,0,7753,7753,0
12300,12,300,84,84,6288,6288,0,7792,7792,0
12375,12,375,73,73,8359,8359,0,5371,5371,0
12410,12,410,78,78,9404,9404,0,5345,5345,0
12415,12,415,87,87,12596,12596,0,5923,5923,0
12450,12,450,38,38,2487,2487,0,4469,4469,0
12525,12,525,20,20,848,848,0,1935,1935,0
12600,12,600,39,39,3274,3274,0,4408,4408,0
12608,12,608,97,97,11855,11855,0,7012,7012,0
12625,12,625,30,30,2970,2970,0,2892,2892,0
12650,12,650,50,50,4232,4232,0,5494,5494,0
12700,12,700,51,51,3795,3795,0,6225,6225,0
12720,12,720,72,72,8345,8345,0,4782,4782,0
12750,12,750,55,55,3310,3310,0,7045,7045,0
12800,12,800,63,63,5937,5937,0,6418,6418,0
12825,12,825,71,71,5097,5097,0,7943,7943,0
12850,12,850,55,55,5069,5069,0,5510,5510,0
12875,12,875,62,62,5120,5120,0,7667,7667,0
12900,12,900,37,37,3166,3166,0,3026,3026,0
13001,13,001,1090,1090,132930,132930,0,105626,105626,0
13004,13,004,113,113,8727,8727,0,9801,9801,0
13007,13,007,63,63,7271,7271,0,3644,3644,0
13009,13,009,59,59,6119,6119,0,4166,4166,0
13010,13,010,230,230,34007,34007,0,18705,18705,0
13013,13,013,147,147,22968,22968,0,8662,8662,0
13014,13,014,51,51,6219,6219,0,4589,4589,0
13016,13,016,43,43,4705,4705,0,3986,3986,0
13019,13,019,132,132,10780,10780,0,15703,15703,0
13020,13,020,39,39,5479,5479,0,1871,1871,0
13022,13,022,279,279,34173,34173,0,21180,21180,0
13023,13,023,56,56,4576,4576,0,4986,4986,0
13024,13,024,44,44,4687,4687,0,4707,4707,0
13025,13,025,178,178,28685,28685,0,9026,9026,0
13027,13,027,68,68,6451,6451,0,6560,6560,0
13028,13,028,155,155,18347,18347,0,13834,13834,0
13031,13,031,89,89,8602,8602,0,8442,8442,0
13032,13,032,99,99,14208,14208,0,4804,4804,0
13033,13,033,63,63,5444,5444,0,6119,6119,0
13034,13,034,45,45,3766,3766,0,5020,5020,0
13037,13,037,261,261,30173,30173,0,21907,21907,0
13040,13,040,97,97,14114,14114,0,7194,7194,0
13043,13,043,75,75,8112,8112,0,7208,7208,0
13046,13,046,92,92,10232,10232,0,5173,5173,0
13049,13,049,67,67,6105,6105,0,6330,6330,0
13052,13,052,30,30,4163,4163,0,945,945,0
13055,13,055,116,116,13661,13661,0,11358,11358,0
13058,13,058,223,223,24717,24717,0,13482,13482,0
13060,13,060,86,86,11745,11745,0,6375,6375,0
13061,13,061,90,90,7983,7983,0,7787,7787,0
15004,15,004,28,28,2924,2924,0,3392,3392,0
15007,15,007,17,17,1188,1188,0,2477,2477,0
15010,15,010,39,39,2976,2976,0,6234,6234,0
15013,15,013,36,36,2370,2370,0,5703,5703,0
15016,15,016,29,29,2294,2294,0,4748,4748,0
15019,15,019,7,7,533,533,0,851,851,0
15022,15,022,10,10,455,455,0,1327,1327,0
15025,15,025,22,22,3126,3126,0,2555,2555,0
15029,15,029,11,11,1411,1411,0,796,796,0
15030,15,030,29,29,2282,2282,0,4502,4502,0
15031,15,031,199,199,21913,21913,0,31004,31004,0
15034,15,034,35,35,929,929,0,5516,5516,0
15037,15,037,44,44,3592,3592,0,6875,6875,0
15040,15,040,19,19,996,996,0,3461,3461,0
15043,15,043,50,50,6502,6502,0,6772,6772,0
15046,15,046,90,90,8575,8575,0,14030,14030,0
15049,15,049,16,16,722,722,0,3408,3408,0
15052,15,052,12,12,554,554,0,1966,1966,0
15055,15,055,355,355,35917,35917,0,57998,57998,0
15058,15,058,25,25,1982,1982,0,4307,4307,0
15061,15,061,36,36,2195,2195,0,6797,6797,0
15064,15,064,50,50,3870,3870,0,8225,8225,0
15067,15,067,71,71,6314,6314,0,9553,9553,0
15070,15,070,15,15,447,447,0,2471,2471,0
15072,15,072,62,62,7298,7298,0,7986,7986,0
15076,15,076,306,306,43913,43913,0,30648,30648,0
15079,15,079,30,30,1335,1335,0,6007,6007,0
15085,15,085,17,17,595,595,0,3336,3336,0
15088,15,088,242,242,33048,33048,0,26702,26702,0
15091,15,091,13,13,1076,1076,0,2052,2052,0
15094,15,094,367,367,34662,34662,0,50349,50349,0
15097,15,097,18,18,831,831,0,2216,2216,0
15100,15,100,38,38,5831,5831,0,3953,3953,0
15103,15,103,26,26,1574,1574,0,4072,4072,0
15106,15,106,9,9,488,488,0,1613,1613,0
15109,15,109,256,256,26524,26524,0,31519,31519,0
15112,15,112,28,28,1662,1662,0,4742,4742,0
15115,15,115,73,73,4941,4941,0,9791,9791,0
15118,15,118,37,37,3838,3838,0,5022,5022,0
15121,15,121,8,8,638,638,0,962,962,0
15124,15,124,16,16,1235,1235,0,3039,3039,0
15127,15,127,15,15,998,998,0,2224,2224,0
15128,15,128,14,14,858,858,0,2493,2493,0
15130,15,130,9,9,269,269,0,1847,1847,0
15132,15,132,20,20,2282,2282,0,2435,2435,0
15133,15,133,9,9,499,499,0,1306,1306,0
15136,15,136,17,17,945,945,0,2661,2661,0
15139,15,139,77,77,8462,8462,0,10072,10072,0
15142,15,142,86,86,7192,7192,0,11805,11805,0
15145,15,145,26,26,1352,1352,0,3429,3429,0
15148,15,148,19,19,626,626,0,3496,3496,0
15151,15,151,42,42,2695,2695,0,7360,7360,0
15154,15,154,23,23,687,687,0,5188,5188,0
15157,15,157,19,19,869,869,0,3839,3839,0
15160,15,160,274,274,40102,40102,0,29486,29486,0
15163,15,163,12,12,565,565,0,2341,2341,0
15166,15,166,25,25,859,859,0,3727,3727,0
15169,15,169,289,289,40213,40213,0,34410,34410,0
15172,15,172,9,9,894,894,0,988,988,0
15175,15,175,34,34,4184,4184,0,4547,4547,0
15178,15,178,19,19,1270,1270,0,2515,2515,0
15181,15,181,11,11,459,459,0,1973,1973,0
15184,15,184,16,16,1306,1306,0,2492,2492,0
15190,15,190,71,71,3939,3939,0,11686,11686,0
15193,15,193,17,17,608,608,0,2414,2414,0
15196,15,196,13,13,1104,1104,0,1733,1733,0
15198,15,198,26,26,1291,1291,0,3783,3783,0
15199,15,199,25,25,3131,3131,0,2784,2784,0
15202,15,202,40,40,3342,3342,0,4421,4421,0
15205,15,205,11,11,421,421,0,1161,1161,0
15208,15,208,14,14,492,492,0,2742,2742,0
15211,15,211,18,18,1487,1487,0,2827,2827,0
15214,15,214,20,20,770,770,0,3230,3230,0
15217,15,217,22,22,1606,1606,0,3282,3282,0
15218,15,218,40,40,3325,3325,0,5352,5352,0
15220,15,220,28,28,2520,2520,0,4177,4177,0
15223,15,223,24,24,1683,1683,0,3220,3220,0
15226,15,226,16,16,388,388,0,2310,2310,0
15229,15,229,31,31,1923,1923,0,4735,4735,0
15232,15,232,29,29,1737,1737,0,4020,4020,0
15235,15,235,29,29,1897,1897,0,4557,4557,0
15238,15,238,29,29,3601,3601,0,3642,3642,0
15239,15,239,83,83,10706,10706,0,9025,9025,0
15241,15,241,61,61,4901,4901,0,9142,9142,0
15244,15,244,31,31,2213,2213,0,4971,4971,0
15247,15,247,1046,1046,175011,175011,0,90273,90273,0
15250,15,250,64,64,9055,9055,0,7334,7334,0
15256,15,256,40,40,2904,2904,0,7095,7095,0
15259,15,259,36,36,5110,5110,0,3814,3814,0
15262,15,262,14,14,656,656,0,2558,2558,0
15265,15,265,16,16,1029,1029,0,3073,3073,0
15268,15,268,13,13,940,940,0,2239,2239,0
15271,15,271,57,57,5905,5905,0,8154,8154,0
15274,15,274,20,20,965,965,0,3792,3792,0
15277,15,277,24,24,1921,1921,0,3610,3610,0
15280,15,280,56,56,6157,6157,0,8527,8527,0
15283,15,283,14,14,1232,1232,0,1844,1844,0
15286,15,286,9,9,610,610,0,1384,1384,0
15289,15,289,38,38,2707,2707,0,4961,4961,0
15292,15,292,127,127,21023,21023,0,12422,12422,0
15295,15,295,13,13,452,452,0,2062,2062,0
15298,15,298,33,33,1140,1140,0,4135,4135,0
15301,15,301,19,19,1242,1242,0,3357,3357,0
15304,15,304,113,113,9191,9191,0,17178,17178,0
15307,15,307,21,21,1344,1344,0,3598,3598,0
15316,15,316,15,15,458,458,0,2994,2994,0
15318,15,318,13,13,954,954,0,1419,1419,0
15319,15,319,23,23,896,896,0,3671,3671,0
15322,15,322,13,13,864,864,0,2122,2122,0
15323,15,323,7,7,364,364,0,1002,1002,0
15325,15,325,42,42,2247,2247,0,9087,9087,0
15328,15,328,77,77,4683,4683,0,12552,12552,0
15331,15,331,37,37,3021,3021,0,4677,4677,0
15334,15,334,37,37,980,980,0,5200,5200,0
15337,15,337,13,13,1172,1172,0,1823,1823,0
15340,15,340,332,332,49918,49918,0,36062,36062,0
16001,16,001,17164,17164,2235514,2235514,0,1933243,1933243,0
17001,17,001,271,271,39917,39917,0,8423,8423,0
17002,17,002,28,28,3936,3936,0,683,683,0
17004,17,004,36,36,2554,2554,0,2537,2537,0
17006,17,006,53,53,6345,6345,0,208,208,0
17007,17,007,30,30,3461,3461,0,423,423,0
17008,17,008,29,29,3860,3860,0,930,930,0
17010,17,010,45,45,4491,4491,0,475,475,0
17011,17,011,36,36,4002,4002,0,277,277,0
17012,17,012,26,26,3337,3337,0,354,354,0
17013,17,013,42,42,4964,4964,0,882,882,0
17014,17,014,18,18,2353,2353,0,600,600,0
17015,17,015,39,39,4713,4713,0,690,690,0
17016,17,016,23,23,1799,1799,0,2518,2518,0
17017,17,017,19,19,2435,2435,0,622,622,0
17019,17,019,80,80,9765,9765,0,1764,1764,0
17022,17,022,13,13,1514,1514,0,188,188,0
17025,17,025,31,31,3435,3435,0,983,983,0
17026,17,026,37,37,4335,4335,0,264,264,0
17027,17,027,29,29,3855,3855,0,362,362,0
17028,17,028,26,26,2509,2509,0,583,583,0
17031,17,031,24,24,3250,3250,0,363,363,0
17032,17,032,19,19,1484,1484,0,458,458,0
17034,17,034,52,52,6393,6393,0,1025,1025,0
17035,17,035,25,25,3498,3498,0,957,957,0
17037,17,037,21,21,1447,1447,0,656,656,0
17038,17,038,43,43,5343,5343,0,91,91,0
17040,17,040,12,12,1511,1511,0,156,156,0
17043,17,043,49,49,6002,6002,0,1525,1525,0
17048,17,048,33,33,3204,3204,0,1698,1698,0
17060,17,060,22,22,2378,2378,0,653,653,0
17082,17,082,41,41,4584,4584,0,2012,2012,0
19001,19,001,847,847,91103,91103,0,103554,103554,0
19004,19,004,69,69,2963,2963,0,11759,11759,0
19007,19,007,24,24,1419,1419,0,3941,3941,0
19010,19,010,50,50,3794,3794,0,6347,6347,0
19013,19,013,55,55,4749,4749,0,8319,8319,0
19016,19,016,11,11,949,949,0,1343,1343,0
19019,19,019,20,20,1231,1231,0,2818,2818,0
19022,19,022,78,78,7282,7282,0,9747,9747,0
19025,19,025,26,26,1349,1349,0,4512,4512,0
19028,19,028,22,22,871,871,0,3354,3354,0
19031,19,031,13,13,665,665,0,1927,1927,0
19034,19,034,179,179,13153,13153,0,26311,26311,0
19037,19,037,63,63,4054,4054,0,9221,9221,0
19040,19,040,44,44,2401,2401,0,6670,6670,0
19043,19,043,20,20,1568,1568,0,2568,2568,0
19044,19,044,68,68,6396,6396,0,8340,8340,0
19046,19,046,25,25,2340,2340,0,2922,2922,0
19047,19,047,38,38,2769,2769,0,4925,4925,0
19049,19,049,137,137,10074,10074,0,18686,18686,0
19050,19,050,16,16,1272,1272,0,1988,1988,0
19051,19,051,28,28,1073,1073,0,5101,5101,0
19052,19,052,17,17,692,692,0,3109,3109,0
19055,19,055,67,67,5053,5053,0,8950,8950,0
19056,19,056,31,31,1940,1940,0,4770,4770,0
19058,19,058,31,31,1829,1829,0,5037,5037,0
19061,19,061,326,326,28484,28484,0,42899,42899,0
19064,19,064,60,60,6017,6017,0,7728,7728,0
19067,19,067,33,33,1377,1377,0,5776,5776,0
19070,19,070,84,84,6483,6483,0,11191,11191,0
19074,19,074,27,27,1101,1101,0,4592,4592,0
19076,19,076,48,48,2768,2768,0,7711,7711,0
19079,19,079,41,41,2171,2171,0,6424,6424,0
19082,19,082,34,34,2307,2307,0,4983,4983,0
19085,19,085,20,20,894,894,0,3377,3377,0
19088,19,088,51,51,2662,2662,0,8437,8437,0
19091,19,091,22,22,2034,2034,0,2394,2394,0
19094,19,094,21,21,1761,1761,0,3301,3301,0
21001,21,001,1176,1176,145942,145942,0,97476,97476,0
21008,21,008,35,35,4539,4539,0,1357,1357,0
21010,21,010,93,93,10482,10482,0,5256,5256,0
21012,21,012,73,73,6403,6403,0,7058,7058,0
21013,21,013,28,28,1782,1782,0,2565,2565,0
21015,21,015,47,47,3797,3797,0,5094,5094,0
21016,21,016,271,271,34984,34984,0,17610,17610,0
21020,21,020,37,37,3546,3546,0,2386,2386,0
21025,21,025,159,159,12209,12209,0,14944,14944,0
21028,21,028,44,44,3839,3839,0,4029,4029,0
21030,21,030,49,49,7069,7069,0,1752,1752,0
21031,21,031,167,167,15238,15238,0,13785,13785,0
21040,21,040,79,79,4512,4512,0,7618,7618,0
21042,21,042,52,52,3834,3834,0,5671,5671,0
21046,21,046,33,33,1792,1792,0,3198,3198,0
21048,21,048,35,35,2191,2191,0,3522,3522,0
21049,21,049,94,94,10012,10012,0,6617,6617,0
21052,21,052,131,131,14214,14214,0,9934,9934,0
21055,21,055,69,69,7164,7164,0,3769,3769,0
21058,21,058,26,26,3015,3015,0,1456,1456,0
21060,21,060,42,42,2648,2648,0,4057,4057,0
21067,21,067,25,25,2765,2765,0,2304,2304,0
21070,21,070,58,58,4055,4055,0,5725,5725,0
21073,21,073,32,32,2232,2232,0,3041,3041,0
21076,21,076,55,55,3115,3115,0,7368,7368,0
21078,21,078,29,29,2992,2992,0,2126,2126,0
21079,21,079,65,65,6651,6651,0,3626,3626,0
21085,21,085,40,40,3774,3774,0,2691,2691,0
21090,21,090,31,31,1618,1618,0,3467,3467,0
21095,21,095,153,153,20814,20814,0,5596,5596,0
23001,23,001,907,907,175744,175744,0,59547,59547,0
23004,23,004,25,25,2322,2322,0,2820,2820,0
23007,23,007,20,20,3495,3495,0,1304,1304,0
23010,23,010,25,25,4003,4003,0,770,770,0
23013,23,013,19,19,2366,2366,0,1539,1539,0
23016,23,016,92,92,13026,13026,0,1632,1632,0
23017,23,017,16,16,2399,2399,0,1168,1168,0
23019,23,019,60,60,6449,6449,0,5661,5661,0
23022,23,022,25,25,3647,3647,0,1084,1084,0
23025,23,025,35,35,4296,4296,0,2129,2129,0
23028,23,028,21,21,3005,3005,0,1491,1491,0
23031,23,031,35,35,6837,6837,0,1241,1241,0
23034,23,034,24,24,4472,4472,0,1243,1243,0
23037,23,037,80,80,16369,16369,0,3239,3239,0
23038,23,038,37,37,6679,6679,0,2166,2166,0
23039,23,039,27,27,5384,5384,0,263,263,0
23040,23,040,25,25,4614,4614,0,362,362,0
23041,23,041,60,60,9777,9777,0,661,661,0
23043,23,043,37,37,5226,5226,0,2914,2914,0
23044,23,044,20,20,3446,3446,0,1131,1131,0
23046,23,046,36,36,5116,5116,0,3611,3611,0
23047,23,047,26,26,4009,4009,0,120,120,0
23049,23,049,20,20,2724,2724,0,1506,1506,0
23052,23,052,45,45,9035,9035,0,2528,2528,0
23055,23,055,36,36,6428,6428,0,1463,1463,0
23058,23,058,16,16,2747,2747,0,1171,1171,0
23061,23,061,24,24,3808,3808,0,1160,1160,0
23064,23,064,25,25,3473,3473,0,1363,1363,0
23067,23,067,300,300,48510,48510,0,18284,18284,0
23073,23,073,46,46,7260,7260,0,3003,3003,0
23076,23,076,31,31,5182,5182,0,1802,1802,0
23077,23,077,13,13,1799,1799,0,1160,1160,0
23078,23,078,19,19,2798,2798,0,201,201,0
23079,23,079,81,81,9487,9487,0,6664,6664,0
23080,23,080,30,30,6086,6086,0,337,337,0
23082,23,082,30,30,4803,4803,0,1221,1221,0
23085,23,085,26,26,4811,4811,0,1249,1249,0
23088,23,088,31,31,4711,4711,0,98,98,0
23091,23,091,22,22,3947,3947,0,579,579,0
23094,23,094,27,27,4065,4065,0,74,74,0
23095,23,095,53,53,8401,8401,0,502,502,0
23096,23,096,16,16,2644,2644,0,1242,1242,0
23097,23,097,19,19,2557,2557,0,1482,1482,0
23098,23,098,42,42,9012,9012,0,470,470,0
23100,23,100,36,36,4520,4520,0,2216,2216,0
23101,23,101,15,15,3535,3535,0,358,358,0
23103,23,103,24,24,3852,3852,0,1533,1533,0
23106,23,106,46,46,6708,6708,0,4223,4223,0
23109,23,109,62,62,10043,10043,0,1567,1567,0
23112,23,112,38,38,6464,6464,0,120,120,0
23115,23,115,81,81,14289,14289,0,2226,2226,0
23118,23,118,54,54,9121,9121,0,3202,3202,0
23120,23,120,20,20,2625,2625,0,2299,2299,0
23121,23,121,41,41,5970,5970,0,3442,3442,0
23123,23,123,19,19,1811,1811,0,2135,2135,0
23124,23,124,40,40,7442,7442,0,1107,1107,0
23125,23,125,29,29,4684,4684,0,200,200,0
23127,23,127,29,29,5074,5074,0,620,620,0
23130,23,130,19,19,3008,3008,0,1291,1291,0
23133,23,133,44,44,8728,8728,0,1677,1677,0
23136,23,136,36,36,5331,5331,0,1815,1815,0
23139,23,139,521,521,76219,76219,0,8731,8731,0
23142,23,142,115,115,20310,20310,0,4588,4588,0
23145,23,145,28,28,5136,5136,0,1614,1614,0
24001,24,001,1324,1324,124754,124754,0,155042,155042,0
24008,24,008,35,35,1785,1785,0,4430,4430,0
24013,24,013,19,19,1242,1242,0,1992,1992,0
24021,24,021,69,69,3889,3889,0,8634,8634,0
24025,24,025,527,527,51929,51929,0,58079,58079,0
24029,24,029,32,32,2070,2070,0,4439,4439,0
24038,24,038,20,20,1151,1151,0,2608,2608,0
24046,24,046,97,97,9833,9833,0,8135,8135,0
24054,24,054,48,48,3611,3611,0,5039,5039,0
24062,24,062,40,40,4783,4783,0,3083,3083,0
24070,24,070,37,37,5303,5303,0,2066,2066,0
24078,24,078,65,65,7940,7940,0,5096,5096,0
24086,24,086,201,201,17643,17643,0,25850,25850,0
24094,24,094,37,37,1691,1691,0,4187,4187,0
25001,25,001,1862,1860,76069,76069,0,306536,306536,0
25004,25,004,87,87,2757,2757,0,12862,12862,0
25007,25,007,26,26,531,531,0,4736,4736,0
25010,25,010,28,28,770,770,0,4578,4578,0
25013,25,013,15,15,195,195,0,2749,2749,0
25016,25,016,9,9,225,225,0,1524,1524,0
25019,25,019,28,28,456,456,0,4636,4636,0
25022,25,022,55,55,4036,4036,0,3791,3791,0
25025,25,025,22,22,482,482,0,4401,4401,0
25028,25,028,48,48,1851,1851,0,8316,8316,0
25031,25,031,30,30,660,660,0,5292,5292,0
25034,25,034,22,22,374,374,0,2875,2875,0
25036,25,036,51,51,6586,6586,0,1444,1444,0
25037,25,037,45,45,2179,2179,0,4082,4082,0
25038,25,038,77,77,2243,2243,0,13511,13511,0
25040,25,040,18,18,358,358,0,3552,3552,0
25043,25,043,27,27,3043,3043,0,1286,1286,0
25046,25,046,16,16,86,86,0,1966,1966,0
25049,25,049,17,17,371,371,0,3108,3108,0
25051,25,051,36,36,1484,1484,0,4734,4734,0
25052,25,052,22,22,953,953,0,2762,2762,0
25054,25,054,246,246,9298,9298,0,37492,37492,0
25055,25,055,11,11,141,141,0,2540,2540,0
25058,25,058,10,10,156,156,0,2225,2225,0
25061,25,061,269,269,17477,17477,0,42350,42350,0
25064,25,064,145,145,10074,10074,0,19734,19734,0
25067,25,067,13,13,396,396,0,3010,3010,0
25069,25,069,62,62,560,560,0,3568,3568,0
25070,25,070,30,30,217,217,0,2971,2971,0
25073,25,073,34,34,596,596,0,5397,5397,0
25076,25,076,33,33,4409,4409,0,566,566,0
25079,25,079,31,31,775,775,0,4325,4325,0
25082,25,082,16,16,314,314,0,1984,1984,0
25085,25,085,72,72,1313,1313,0,10231,10231,0
25088,25,088,16,16,154,154,0,3180,3180,0
25091,25,091,40,40,6016,6016,0,1004,1004,0
25093,25,093,138,138,8204,8204,0,12065,12065,0
25094,25,094,43,43,1054,1054,0,7364,7364,0
25097,25,097,13,13,204,204,0,2488,2488,0
25100,25,100,316,316,7085,7085,0,41417,41417,0
26001,26,001,806,806,68992,68992,0,102562,102562,0
26005,26,005,8,8,596,596,0,1051,1051,0
26010,26,010,183,183,15386,15386,0,22596,22596,0
26020,26,020,75,75,5935,5935,0,9865,9865,0
26025,26,025,16,16,1389,1389,0,1713,1713,0
26030,26,030,34,34,1958,1958,0,4460,4460,0
26040,26,040,22,22,1373,1373,0,2774,2774,0
26050,26,050,91,91,9104,9104,0,8804,8804,0
26060,26,060,105,105,7813,7813,0,11180,11180,0
26070,26,070,18,18,1046,1046,0,2168,2168,0
26080,26,080,92,92,7233,7233,0,9727,9727,0
26090,26,090,21,21,1243,1243,0,2662,2662,0
27001,27,001,1523,1523,117895,117895,0,229851,229851,0
27004,27,004,5,5,144,144,0,858,858,0
27007,27,007,15,15,486,486,0,1782,1782,0
27010,27,010,21,21,1022,1022,0,4046,4046,0
27013,27,013,80,80,6975,6975,0,10962,10962,0
27016,27,016,23,23,1496,1496,0,4393,4393,0
27019,27,019,566,566,83663,83663,0,43584,43584,0
27022,27,022,16,16,646,646,0,2276,2276,0
27025,27,025,34,34,1342,1342,0,3620,3620,0
27028,27,028,6,6,143,143,0,1155,1155,0
27031,27,031,6,6,213,213,0,1074,1074,0
27034,27,034,15,15,641,641,0,2538,2538,0
27037,27,037,16,16,265,265,0,2058,2058,0
27040,27,040,11,11,217,217,0,1278,1278,0
27043,27,043,19,19,622,622,0,3041,3041,0
27045,27,045,94,94,5849,5849,0,10524,10524,0
27046,27,046,19,19,636,636,0,2741,2741,0
27049,27,049,10,10,214,214,0,1874,1874,0
27052,27,052,10,10,458,458,0,1528,1528,0
27055,27,055,14,14,351,351,0,2817,2817,0
27058,27,058,37,37,1938,1938,0,6208,6208,0
27061,27,061,32,32,1706,1706,0,5417,5417,0
27064,27,064,12,12,339,339,0,2234,2234,0
27067,27,067,8,8,254,254,0,1502,1502,0
27070,27,070,13,13,709,709,0,1915,1915,0
27071,27,071,43,43,840,840,0,7670,7670,0
27073,27,073,6,6,116,116,0,895,895,0
27074,27,074,44,44,1675,1675,0,6380,6380,0
27075,27,075,18,18,408,408,0,1846,1846,0
27076,27,076,7,7,125,125,0,1465,1465,0
27079,27,079,15,15,361,361,0,2019,2019,0
27080,27,080,21,21,1060,1060,0,2550,2550,0
27082,27,082,655,655,53929,53929,0,104989,104989,0
27085,27,085,14,14,218,218,0,1669,1669,0
27088,27,088,13,13,384,384,0,2113,2113,0
27091,27,091,397,397,32286,32286,0,56857,56857,0
27094,27,094,22,22,482,482,0,3147,3147,0
27097,27,097,15,15,392,392,0,2691,2691,0
27100,27,100,7,7,148,148,0,1336,1336,0
27103,27,103,13,13,994,994,0,1964,1964,0
27106,27,106,13,13,857,857,0,1726,1726,0
27109,27,109,8,8,304,304,0,1239,1239,0
27112,27,112,11,11,691,691,0,1403,1403,0
27115,27,115,6,6,118,118,0,1000,1000,0
27118,27,118,14,14,330,330,0,2153,2153,0
27119,27,119,18,18,512,512,0,3173,3173,0
27120,27,120,35,35,1475,1475,0,4678,4678,0
27121,27,121,114,114,5789,5789,0,19487,19487,0
27124,27,124,33,33,1498,1498,0,6367,6367,0
27127,27,127,7,7,158,158,0,1193,1193,0
27130,27,130,52,52,3254,3254,0,7697,7697,0
27133,27,133,18,18,608,608,0,3130,3130,0
27136,27,136,28,28,904,904,0,4890,4890,0
27139,27,139,17,17,275,275,0,2228,2228,0
27142,27,142,12,12,338,338,0,2540,2540,0
27145,27,145,31,31,1295,1295,0,5563,5563,0
27148,27,148,14,14,279,279,0,1997,1997,0
27151,27,151,6,6,201,201,0,935,935,0
27154,27,154,8,8,243,243,0,1725,1725,0
27157,27,157,12,12,465,465,0,2682,2682,0
27160,27,160,408,408,32641,32641,0,63191,63191,0
27163,27,163,12,12,703,703,0,2356,2356,0
27166,27,166,44,44,2973,2973,0,5874,5874,0
27167,27,167,22,22,1443,1443,0,2201,2201,0
27169,27,169,84,84,10288,10288,0,6722,6722,0
27172,27,172,85,85,3554,3554,0,11719,11719,0
27174,27,174,74,74,6597,6597,0,9579,9579,0
27175,27,175,26,26,890,890,0,3284,3284,0
27178,27,178,9,9,254,254,0,1339,1339,0
27181,27,181,144,144,10758,10758,0,23161,23161,0
27184,27,184,7,7,227,227,0,1156,1156,0
27187,27,187,16,16,436,436,0,2696,2696,0
27190,27,190,10,10,280,280,0,1158,1158,0
27193,27,193,80,80,3659,3659,0,12234,12234,0
27194,27,194,12,12,251,251,0,1862,1862,0
27195,27,195,9,9,246,246,0,1444,1444,0
27196,27,196,22,22,983,983,0,3437,3437,0
27199,27,199,74,74,4362,4362,0,13409,13409,0
27202,27,202,27,27,1003,1003,0,4673,4673,0
27205,27,205,22,22,560,560,0,2806,2806,0
27208,27,208,13,13,451,451,0,1979,1979,0
27211,27,211,18,18,638,638,0,3384,3384,0
27217,27,217,17,17,864,864,0,3266,3266,0
27219,27,219,5,5,62,62,0,998,998,0
27220,27,220,52,52,3851,3851,0,7277,7277,0
27221,27,221,21,21,1003,1003,0,4342,4342,0
27223,27,223,25,25,1338,1338,0,4372,4372,0
28001,28,001,631,631,89562,89562,0,53867,53867,0
28010,28,010,31,31,3162,3162,0,2850,2850,0
28020,28,020,37,37,4603,4603,0,2176,2176,0
28030,28,030,27,27,3237,3237,0,2200,2200,0
28040,28,040,154,154,20984,20984,0,13176,13176,0
28041,28,041,47,47,5441,5441,0,4282,4282,0
28042,28,042,36,36,4401,4401,0,2061,2061,0
28045,28,045,17,17,1580,1580,0,1501,1501,0
28048,28,048,57,57,3635,3635,0,7458,7458,0
28049,28,049,51,51,2520,2520,0,5247,5247,0
28050,28,050,34,34,4528,4528,0,2435,2435,0
28055,28,055,62,62,9702,9702,0,4011,4011,0
28060,28,060,101,101,5209,5209,0,11602,11602,0
28080,28,080,50,50,6663,6663,0,3673,3673,0
28100,28,100,74,74,9372,9372,0,5320,5320,0
28120,28,120,43,43,5847,5847,0,3169,3169,0
28160,28,160,117,117,15913,15913,0,8031,8031,0
28180,28,180,73,73,6934,6934,0,5821,5821,0
28190,28,190,39,39,4925,4925,0,3492,3492,0
28200,28,200,146,146,15096,15096,0,11180,11180,0
28220,28,220,154,154,16242,16242,0,6205,6205,0
28240,28,240,52,52,5916,5916,0,4922,4922,0
28260,28,260,88,88,8324,8324,0,7809,7809,0
28280,28,280,78,78,4416,4416,0,6919,6919,0
28300,28,300,80,80,12643,12643,0,3774,3774,0
28320,28,320,68,68,8457,8457,0,5199,5199,0
29001,29,001,1366,1366,139933,139933,0,176469,176469,0
29004,29,004,15,15,495,495,0,1837,1837,0
29007,29,007,30,30,2376,2376,0,3087,3087,0
29010,29,010,22,22,1931,1931,0,1927,1927,0
29013,29,013,27,27,1208,1208,0,3419,3419,0
29016,29,016,33,33,3486,3486,0,2746,2746,0
29019,29,019,54,54,1936,1936,0,6770,6770,0
29022,29,022,51,51,3682,3682,0,6075,6075,0
29025,29,025,33,33,2094,2094,0,4558,4558,0
29028,29,028,18,18,760,760,0,2524,2524,0
29031,29,031,29,29,2873,2873,0,2693,2693,0
29034,29,034,59,59,6285,6285,0,5092,5092,0
29037,29,037,24,24,919,919,0,3304,3304,0
29040,29,040,122,122,8392,8392,0,12940,12940,0
29043,29,043,24,24,1135,1135,0,3387,3387,0
29046,29,046,181,181,17863,17863,0,24045,24045,0
29049,29,049,20,20,1507,1507,0,2341,2341,0
29052,29,052,59,59,5998,5998,0,7042,7042,0
29055,29,055,90,90,4840,4840,0,10855,10855,0
29058,29,058,83,83,5274,5274,0,11397,11397,0
29061,29,061,20,20,784,784,0,2559,2559,0
29064,29,064,64,64,7002,7002,0,6634,6634,0
29067,29,067,29,29,2894,2894,0,3022,3022,0
29070,29,070,47,47,5179,5179,0,4191,4191,0
29073,29,073,102,102,10266,10266,0,8970,8970,0
29076,29,076,91,91,8037,8037,0,10044,10044,0
29079,29,079,99,99,6633,6633,0,14072,14072,0
29080,29,080,12,12,709,709,0,1153,1153,0
29082,29,082,45,45,4839,4839,0,3805,3805,0
29085,29,085,80,80,5443,5443,0,7896,7896,0
29087,29,087,25,25,1611,1611,0,3302,3302,0
29088,29,088,18,18,1757,1757,0,1768,1768,0
29089,29,089,75,75,4935,4935,0,7161,7161,0
29091,29,091,26,26,1381,1381,0,3351,3351,0
29094,29,094,61,61,5979,5979,0,7213,7213,0
29097,29,097,58,58,2474,2474,0,5425,5425,0
29100,29,100,14,14,453,453,0,1658,1658,0
29103,29,103,70,70,2632,2632,0,8624,8624,0
29105,29,105,38,38,2931,2931,0,5197,5197,0
29106,29,106,32,32,1497,1497,0,4361,4361,0
29109,29,109,42,42,1944,1944,0,6202,6202,0
29112,29,112,24,24,698,698,0,2384,2384,0
29115,29,115,17,17,879,879,0,2223,2223,0
29118,29,118,17,17,569,569,0,2577,2577,0
29121,29,121,38,38,3103,3103,0,4037,4037,0
29124,29,124,25,25,1073,1073,0,2539,2539,0
29127,29,127,17,17,700,700,0,2296,2296,0
31001,31,001,5158,5158,682166,682166,0,443047,443047,0
31004,31,004,38,38,3132,3132,0,3737,3737,0
31007,31,007,59,59,7533,7533,0,4486,4486,0
31010,31,010,64,64,3510,3510,0,5740,5740,0
31013,31,013,20,20,735,735,0,2186,2186,0
31016,31,016,47,47,2934,2934,0,4813,4813,0
31019,31,019,690,690,97881,97881,0,15849,15849,0
31022,31,022,339,339,44607,44607,0,24328,24328,0
31025,31,025,67,67,8893,8893,0,4034,4034,0
31028,31,028,88,88,5795,5795,0,8954,8954,0
31031,31,031,262,262,43650,43650,0,14510,14510,0
31034,31,034,353,353,32058,32058,0,36840,36840,0
31037,31,037,122,122,12098,12098,0,9459,9459,0
31040,31,040,54,54,4802,4802,0,4486,4486,0
31043,31,043,31,31,917,917,0,3096,3096,0
31046,31,046,24,24,954,954,0,2136,2136,0
31049,31,049,167,167,24978,24978,0,9317,9317,0
31052,31,052,38,38,2207,2207,0,3462,3462,0
31055,31,055,164,164,27141,27141,0,7458,7458,0
31058,31,058,59,59,6932,6932,0,5025,5025,0
31061,31,061,92,92,14854,14854,0,5129,5129,0
31064,31,064,382,382,55757,55757,0,30708,30708,0
31067,31,067,45,45,4823,4823,0,3922,3922,0
31070,31,070,86,86,5213,5213,0,11569,11569,0
31073,31,073,37,37,2252,2252,0,4258,4258,0
31076,31,076,35,35,3410,3410,0,2440,2440,0
31079,31,079,850,850,111031,111031,0,62677,62677,0
31082,31,082,132,132,19477,19477,0,6130,6130,0
31085,31,085,53,53,4502,4502,0,4459,4459,0
31088,31,088,49,49,4175,4175,0,4718,4718,0
31091,31,091,106,106,8987,8987,0,11289,11289,0
31094,31,094,53,53,5420,5420,0,3660,3660,0
31097,31,097,119,119,9715,9715,0,10421,10421,0
31100,31,100,43,43,2088,2088,0,4642,4642,0
31103,31,103,56,56,3578,3578,0,5744,5744,0
31106,31,106,513,513,53789,53789,0,49177,49177,0
31109,31,109,18,18,1359,1359,0,1475,1475,0
31112,31,112,32,32,1037,1037,0,2994,2994,0
31115,31,115,37,37,4631,4631,0,2620,2620,0
31118,31,118,51,51,5808,5808,0,3502,3502,0
31121,31,121,334,334,53074,53074,0,17688,17688,0
31124,31,124,120,120,16180,16180,0,7815,7815,0
40001,40,001,242,242,9519,9519,0,27887,27887,0
40005,40,005,120,120,8541,8541,0,13643,13643,0
40010,40,010,112,112,10195,10195,0,6388,6388,0
40015,40,015,11,11,395,395,0,1291,1291,0
40017,40,017,42,42,5624,5624,0,2094,2094,0
40020,40,020,12,12,305,305,0,1534,1534,0
40025,40,025,123,123,11841,11841,0,10686,10686,0
44001,44,001,400,400,36346,36346,0,49942,49942,0
44002,44,002,14,14,954,954,0,1774,1774,0
44003,44,003,73,73,11527,11527,0,4948,4948,0
44004,44,004,26,26,1859,1859,0,3058,3058,0
44005,44,005,49,49,4225,4225,0,5686,5686,0
44006,44,006,34,34,3958,3958,0,3354,3354,0
44007,44,007,38,38,5131,5131,0,2789,2789,0
44009,44,009,60,60,6304,6304,0,6455,6455,0
44010,44,010,129,129,19074,19074,0,10620,10620,0
44012,44,012,23,23,1660,1660,0,1913,1913,0
44016,44,016,22,22,2020,2020,0,1526,1526,0
44017,44,017,14,14,629,629,0,1587,1587,0
44020,44,020,34,34,2861,2861,0,3310,3310,0
44022,44,022,31,31,3398,3398,0,1048,1048,0
44024,44,024,18,18,1465,1465,0,1605,1605,0
44040,44,040,18,18,875,875,0,1973,1973,0
46001,46,001,401,401,32592,32592,0,63427,63427,0
46040,46,040,88,88,7166,7166,0,14040,14040,0
46120,46,120,6,6,300,300,0,972,972,0
46320,46,320,33,33,1048,1048,0,4204,4204,0
46480,46,480,3,3,365,365,0,164,164,0
46520,46,520,40,40,2291,2291,0,5676,5676,0
46540,46,540,39,39,2501,2501,0,6344,6344,0
46560,46,560,27,27,692,692,0,3934,3934,0
46640,46,640,29,29,1535,1535,0,4062,4062,0
46680,46,680,86,86,4039,4039,0,15175,15175,0
46700,46,700,26,26,1115,1115,0,4738,4738,0
46760,46,760,5,5,248,248,0,664,664,0
46800,46,800,10,10,472,472,0,1569,1569,0
46815,46,815,6,6,754,754,0,449,449,0
46830,46,830,24,24,709,709,0,3951,3951,0
46840,46,840,18,18,565,565,0,2484,2484,0
46850,46,850,60,60,4043,4043,0,10893,10893,0
46865,46,865,34,34,1166,1166,0,5407,5407,0
46880,46,880,85,85,6873,6873,0,13050,13050,0
48001,48,001,471,471,50857,50857,0,32776,32776,0
48002,48,002,65,65,8913,8913,0,2924,2924,0
48004,48,004,82,82,10839,10839,0,4620,4620,0
48005,48,005,74,74,7534,7534,0,3732,3732,0
48006,48,006,27,27,2711,2711,0,2456,2456,0
48007,48,007,99,99,12851,12851,0,5855,5855,0
48008,48,008,36,36,3491,3491,0,2561,2561,0
48009,48,009,48,48,6436,6436,0,2343,2343,0
48010,48,010,401,401,35313,35313,0,26067,26067,0
48011,48,011,190,190,16175,16175,0,7343,7343,0
48012,48,012,16,16,1793,1793,0,1248,1248,0
48013,48,013,114,114,9228,9228,0,12729,12729,0
48016,48,016,385,385,22343,22343,0,14052,14052,0
48018,48,018,28,28,3756,3756,0,2398,2398,0
48020,48,020,59,59,6317,6317,0,5397,5397,0
50001,50,001,84,84,6846,6846,0,4663,4663,0
50070,50,070,18,18,2294,2294,0,194,194,0
50073,50,073,1,1,35,35,0,16,16,0
50078,50,078,1,1,28,28,0,41,41,0
50083,50,083,1,1,57,57,0,32,32,0
50087,50,087,4,4,164,164,0,108,108,0
50090,50,090,5,5,130,130,0,208,208,0
50092,50,092,3,3,136,136,0,126,126,0
52001,52,001,1182,1182,103654,103654,0,167359,167359,0
52005,52,005,229,229,21726,21726,0,35790,35790,0
52006,52,006,19,19,1563,1563,0,2225,2225,0
52008,52,008,20,20,1361,1361,0,3078,3078,0
52010,52,010,40,40,3835,3835,0,6012,6012,0
52015,52,015,17,17,948,948,0,3096,3096,0
52020,52,020,63,63,4811,4811,0,9107,9107,0
52025,52,025,7,7,142,142,0,785,785,0
52027,52,027,20,20,1894,1894,0,1887,1887,0
52028,52,028,13,13,668,668,0,2074,2074,0
52030,52,030,31,31,2261,2261,0,4061,4061,0
52035,52,035,175,175,14418,14418,0,23610,23610,0
52040,52,040,40,40,3028,3028,0,7281,7281,0
52041,52,041,37,37,5999,5999,0,2666,2666,0
52042,52,042,28,28,1783,1783,0,3730,3730,0
52043,52,043,174,174,18419,18419,0,15843,15843,0
52044,52,044,28,28,3460,3460,0,2547,2547,0
52045,52,045,81,81,6175,6175,0,10480,10480,0
52046,52,046,22,22,1535,1535,0,1440,1440,0
52047,52,047,22,22,1904,1904,0,2288,2288,0
52048,52,048,24,24,1431,1431,0,2808,2808,0
52049,52,049,30,30,3035,3035,0,2696,2696,0
52050,52,050,53,53,3992,3992,0,8467,8467,0
52055,52,055,31,31,2439,2439,0,4050,4050,0
52058,52,058,21,21,1678,1678,0,2240,2240,0
52059,52,059,7,7,174,174,0,731,731,0
52060,52,060,59,59,4093,4093,0,8153,8153,0
52074,52,074,23,23,5325,5325,0,619,619,0
52080,52,080,47,47,3942,3942,0,4631,4631,0
54001,54,001,150,150,12566,12566,0,15293,15293,0
54003,54,003,23,23,2092,2092,0,1553,1553,0
54007,54,007,33,33,1836,1836,0,3503,3503,0
54012,54,012,15,15,1010,1010,0,329,329,0
56001,56,001,142,142,11223,11223,0,9316,9316,0
56004,56,004,14,14,1088,1088,0,708,708,0
60001,60,001,134,134,13321,13321,0,9595,9595,0
60007,60,007,17,17,2139,2139,0,649,649,0
60010,60,010,3,3,260,260,0,31,31,0
60013,60,013,4,4,624,624,0,40,40,0
60016,60,016,4,4,411,411,0,52,52,0
60017,60,017,1,1,32,32,0,0,0,0
60019,60,019,3,3,163,163,0,3,3,0
60021,60,021,2,2,158,158,0,40,40,0
60022,60,022,5,5,456,456,0,132,132,0
60030,60,030,1,1,108,108,0,20,20,0
60040,60,040,2,2,177,177,0,22,22,0
64001,64,001,134,134,22666,22666,0,7208,7208,0
64002,64,002,160,160,25950,25950,0,6948,6948,0
64004,64,004,50,50,4068,4068,0,2398,2398,0
64007,64,007,14,14,2339,2339,0,944,944,0
64013,64,013,15,15,2380,2380,0,996,996,0
64016,64,016,19,19,3432,3432,0,876,876,0
64018,64,018,51,51,8355,8355,0,1085,1085,0
64019,64,019,33,33,6304,6304,0,1876,1876,0
64023,64,023,98,98,18378,18378,0,2688,2688,0
64025,64,025,44,44,5473,5473,0,1810,1810,0
64026,64,026,34,34,5785,5785,0,1314,1314,0
64028,64,028,93,93,16832,16832,0,2184,2184,0
64030,64,030,64,64,9996,9996,0,3573,3573,0
68001,68,001,64,64,7498,7498,0,1821,1821,0
68004,68,004,6,6,653,653,0,107,107,0
68010,68,010,2,2,80,80,0,22,22,0
68013,68,013,6,6,561,561,0,16,16,0
68017,68,017,6,6,341,341,0,121,121,0
68022,68,022,4,4,348,348,0,32,32,0
72001,72,001,66,66,3734,3734,0,5564,5564,0
72002,72,002,12,12,443,443,0,1473,1473,0
72006,72,006,93,93,9186,9186,0,1601,1601,0
72008,72,008,26,26,911,911,0,3048,3048,0
88115,88,115,8,8,22,22,0,21,21,0
88120,88,120,54,54,7900,7900,0,3957,3957,0
88130,88,130,7,7,4,4,0,2,2,0
88135,88,135,7,7,12,12,0,9,9,0
88140,88,140,11,11,341,341,0,918,918,0
88155,88,155,56,56,5550,5550,0,4717,4717,0
88160,88,160,23,23,901,901,0,2822,2822,0
88165,88,165,72,72,11552,11552,0,8564,8564,0
88170,88,170,11,11,1086,1086,0,525,525,0
88190,88,190,16,16,1515,1515,0,1117,1117,0
88215,88,215,10,10,146,146,0,491,491,0
88220,88,220,52,52,2274,2274,0,1889,1889,0
88250,88,250,219,219,15988,15988,0,26936,26936,0
88275,88,275,7,7,124,124,0,131,131,0
88285,88,285,27,27,1321,1321,0,4478,4478,0
88290,88,290,8,8,474,474,0,126,126,0
88305,88,305,112,112,8720,8720,0,9537,9537,0
88315,88,315,28,28,308,308,0,405,405,0
88325,88,325,9,9,420,420,0,230,230,0
88330,88,330,111,111,3229,3229,0,6462,6462,0
88335,88,335,8,8,58,58,0,109,109,0
88340,88,340,9,9,105,105,0,340,340,0
88350,88,350,20,20,607,607,0,2031,2031,0
88355,88,355,696,696,66945,66945,0,65426,65426,0
88360,88,360,987,987,41142,41142,0,179841,179841,0
88370,88,370,7,7,43,43,0,54,54,0
88375,88,375,7,7,174,174,0,103,103,0
88380,88,380,81,81,9158,9158,0,5189,5189,0
88410,88,410,10,10,208,208,0,1089,1089,0
88430,88,430,7,7,9,9,0,8,8,0
88435,88,435,22,22,1608,1608,0,1457,1457,0
88440,88,440,8,8,62,62,0,258,258,0
88445,88,445,7,7,147,147,0,84,84,0
88455,88,455,7,7,14,14,0,12,12,0
88460,88,460,7,7,14,14,0,22,22,0
88465,88,465,74,74,4956,4956,0,6977,6977,0
88470,88,470,8,8,321,321,0,274,274,0
88490,88,490,11,11,120,120,0,851,851,0
88495,88,495,47,47,4408,4408,0,4103,4103,0
88500,88,500,8,8,38,38,0,90,90,0
88505,88,505,11,11,238,238,0,275,275,0
88515,88,515,7,7,39,39,0,31,31,0
88535,88,535,9,9,37,37,0,92,92,0
88560,88,560,7,7,29,29,0,66,66,0
88580,88,580,7,7,21,21,0,20,20,0
88590,88,590,80,80,4032,4032,0,8668,8668,0
88620,88,620,7,7,27,27,0,90,90,0
88625,88,625,10,10,676,676,0,597,597,0
88635,88,635,8,8,340,340,0,199,199,0
88655,88,655,87,87,2603,2603,0,8718,8718,0
88665,88,665,8,8,74,74,0,290,290,0
88670,88,670,28,28,851,851,0,2566,2566,0
88675,88,675,14,14,694,694,0,342,342,0
88680,88,680,18,18,1620,1620,0,1440,1440,0
88683,88,683,11,11,351,351,0,850,850,0
88685,88,685,13,13,421,421,0,1690,1690,0
88688,88,688,7,7,53,53,0,136,136,0
88690,88,690,7,7,26,26,0,14,14,0
88700,88,700,8,8,147,147,0,32,32,0
88745,88,745,8,8,36,36,0,67,67,0
88755,88,755,27,27,992,992,0,542,542,0
88760,88,760,21,21,2257,2257,0,2239,2239,0
88765,88,765,7,7,57,57,0,56,56,0
88770,88,770,14,14,153,153,0,88,88,0
88785,88,785,9,9,47,47,0,114,114,0
88805,88,805,9,9,384,384,0,390,390,0
88815,88,815,349,349,4911,4911,0,19682,19682,0
